,0,1,2,3,4,5,6,7,8,9,10,11,12,13,14,15,16,17,18,19,20,21,22,23,24,25,26,27,28,29,30,31,32,33,34,35,36,37,38,39,40
skip-0_non-skip-1_dropout:False_reduction:False_MSE,0.9052550459609312,0.9353578005935632,0.8796931800304675,0.8517860115743151,0.841439396581229,0.8262367137506896,0.8579882137915668,0.7413992312024621,0.7249741656523124,0.7864781716728911,1.0448702994514911,0.6627736933091107,0.6791530359609455,0.656474417331172,0.6203626380393318,0.6030652220634853,0.6259915250189164,0.5815799763681841,0.5717000873649821,0.5614299433780652,0.6930111515171388,0.5713761380197955,0.6054173518045276,0.5418394234250573,0.5301833192215246,0.52341971955463,0.7161891122220778,0.5245086584313243,0.5108319646587559,0.5135363891136413,0.5907700846300405,0.5018799428408053,0.5017165399211294,0.5578987433337698,0.5882761910849926,0.5152371773021478,0.4943537636130464,0.4867080269637061,0.507797758222795,0.5630941005314097,
skip-0_non-skip-2_dropout:False_reduction:False_MSE,0.828069718152869,0.970132500517602,0.984317306210013,1.44664887119742,0.7145238933609981,0.7728694081306458,0.6894869050558876,0.6672798105168576,0.6436007417300168,0.8666214452070349,0.6149927557391279,0.6366603591059353,0.6036008286709879,0.933602725904362,0.5754128831858728,0.5961260512544244,0.6816475426449495,0.6134512694735154,0.5456906233494189,0.547751425381969,0.5369252833519497,0.5497072793032024,0.595695354738364,0.5252014553430033,0.5856356848688686,0.5178590361394134,0.5202521873893691,0.5099690333008766,0.7274765259056699,0.6157649312095315,0.5552407121833633,0.5386303558069117,0.5016645055775549,0.5031235662891584,0.4941782688393312,0.5466274099022734,0.4927522026586766,0.5023628118283608,0.5509746343481774,0.4875847428817959,
skip-0_non-skip-3_dropout:False_reduction:False_MSE,0.8178405259169784,0.8295154355320276,0.7885811679503497,0.7448276246295256,0.7519007976002553,0.7307730767072416,0.6953185358468223,0.6781242736706546,0.7125370523654947,0.6531611505676719,0.6353164360511536,0.6467981237699004,0.629992308533367,0.6008571176698395,0.595827595422081,0.5843466149971765,0.6934748584148931,0.5683396709169827,0.5605185895281679,0.5589286429332752,0.5631609706609857,0.5579631791687479,0.5579225924231258,0.5541515052318573,0.5451714801145535,0.5386918855502325,0.5439240532178505,0.5281928465792946,0.5266456167195358,0.5534353617432655,0.5299993190256989,0.5249249206892416,0.5455535695541138,0.593549955563218,0.5309225073193803,0.5235025268413273,0.5163545046074718,0.5209863361920796,0.543696914525593,0.5252583497295192,
skip-0_non-skip-4_dropout:False_reduction:False_MSE,0.93856948205069,0.9007255186637244,0.9039671149323968,0.8303025768083685,0.7570616076974308,0.7128653096802094,0.6812063148793053,0.648078167482334,0.6314927549923167,0.6084094915319892,0.603532921303721,0.5929179558274793,0.5642066061788914,0.5545991405698598,0.5485616506022566,0.5510068301330594,0.5428193689269178,0.547113819887825,0.5421571196148208,0.5399215901453122,0.546264445591791,0.5346437028664,0.5285374184741694,0.5481135306112906,0.5329067086910501,0.5500242680165113,0.5171845102427053,0.5382399263919568,0.5455323852525622,0.5212544642534911,0.5141112931510982,0.513416480565188,0.5220708818558384,0.5082788076251745,0.5148380547396693,0.5253207001323793,0.5294464934690326,0.5118014546586018,0.5011531021080765,0.5006269155910202,
skip-0_non-skip-1_dropout:False_reduction:True_MSE,874.3467198189567,474.2187002803765,689.4758397369992,593.486914533026,680.3696815990934,536.5499690376661,531.9269119384242,539.844356412981,344.5755470719408,388.1094918400049,463.81278721024006,234.15618749693328,331.1994703648721,202.4734934685277,153.40651309139588,242.9154801511881,205.3821213596008,169.35090722523483,94.97063646392496,139.2106560392707,96.8326024997468,150.22239976653864,106.05350432092068,74.80780296056878,75.8375192658574,55.685809301102864,38.05770468653417,22.17517424944569,31.21520788704648,29.26058045497128,16.671887477823333,10.318100942992697,6.944764189568221,5.942291817390451,5.438849153325839,3.2194684768716493,3.5414329377167366,1.7093146983899323,2.190487376469023,1.4235328706163983,
skip-0_non-skip-2_dropout:False_reduction:True_MSE,187.0917311886362,168.5662291352363,279.00199863139323,144.988259156545,169.84263682832906,134.5575173783536,182.59440781000785,90.00042079491358,119.30089621917874,122.13867960841048,93.84336040505008,98.16166234367034,133.91512620799682,113.02695316310025,100.502063517477,67.99301778510505,40.68768207553555,70.43550402072131,39.57461997106964,42.96271830095965,66.35157061382836,37.94741919169239,62.79483088617231,42.867149195104254,42.82461682020449,50.94007902665466,20.881328429077183,20.14511303223816,30.15512035231964,26.323821949608185,20.76604570360745,9.936287113848854,13.977784657741294,9.43321609029583,17.382365503147536,5.618797551767499,10.60481103232094,6.802061580559787,5.465465879615615,5.248684948565913,
skip-0_non-skip-3_dropout:False_reduction:True_MSE,30.02306207495869,40.002213116662176,20.747703905491267,21.66856264483695,19.56457272318064,29.21798883144762,27.730156888564427,11.177990074251213,18.88135636612481,29.608774771000824,25.399555185846253,14.395130543732176,12.037675178518482,14.492217241841203,10.174585048766698,16.5303983106917,12.716915162462817,7.488833931000793,9.627190565361696,8.091922246650153,15.300052849831534,6.877821350360618,16.471655795825463,10.647854037144604,7.084588259896812,7.878713579008393,10.109784352574865,5.860818012380133,7.142558682198618,5.060229958272448,4.728349072676079,4.916927137065168,3.169556817879864,3.680518054202491,3.859165078869053,3.851166116840699,3.864724221182804,3.473515650513125,5.328497657734974,2.360643164126897,
skip-0_non-skip-4_dropout:False_reduction:True_MSE,2.991794069169784,18.16760852158654,7.595618852505497,6.453839580364087,2.77549830605002,6.254843287023843,4.309263909856479,4.648870746294658,4.559392208269999,3.0092836486942627,3.380889210630865,7.0358019751660965,3.3159150750029323,7.146929111843016,4.330541163829028,4.671604700094345,6.033714038849461,3.9762382255319286,3.514383051763563,7.66408359303194,2.5541734414942123,3.676400311583397,6.403892459238277,2.4488142252552745,2.510746399707654,1.7705881822050786,3.295161114896045,3.154596272929042,1.8733121887872035,4.003242190123773,4.609742055774904,3.663479773145096,2.4161224460192754,6.030498269507113,4.035324999368658,2.9793588628663734,1.869144786368398,2.182011543973988,1.5434071304386152,3.920001636679266,
skip-1_non-skip-1_dropout:False_reduction:False_MSE,0.8266070078985364,0.8027162776858199,0.7936466645960715,0.8057215969059982,0.7931566805231804,0.8087775492492844,0.7595083603964132,0.7507980404531255,0.7366689770829444,0.7234248752687492,0.7195604291616702,0.7560423803241814,0.7213278388714089,0.7011217325925827,0.6725726449752555,1.206330251459982,0.6906644483918652,0.7041733127598669,0.6295788112078228,0.6305466823133767,0.6075902312409645,0.5999659681144882,0.5659948501224611,0.5885103798891399,0.5738638242085775,0.5585768100093392,0.5391438398510218,0.5424181945695012,0.5194686310110139,0.5325773280186981,0.6081605547783422,0.5125438725101013,0.5022441994617967,0.4987349454313516,0.6045674038868324,0.6083649471402168,0.7225768323622498,0.511500707151843,0.5541924114759061,0.6139432580447665,
skip-1_non-skip-2_dropout:False_reduction:False_MSE,0.820401453796555,0.803222174445788,0.771613071800447,0.7317375073245928,0.714178086495867,0.8312954706158123,0.7544479682749393,0.6917477251925305,0.6464259585036951,0.6200166287667611,0.6106476701211696,0.6925732043443942,0.6723990972500806,0.576310276546899,0.5627214105105868,0.772918275685287,0.7330691887467515,0.63615683510023,0.553119505883432,1.211086857552622,0.5235414823480681,0.5203794796092838,0.5589063091240093,0.5596589163749242,0.5096516188453225,0.5036012753113812,0.5122125893466029,0.505730475755591,0.5120073192405934,0.6679579212385065,0.9031045027807648,0.490648395874921,0.5700879153959891,0.5114597730776843,0.7324302941560745,1.1914061950702293,0.4945118994835545,0.4825609663099635,0.5272859866712608,1.6184392232520908,
skip-1_non-skip-3_dropout:False_reduction:False_MSE,0.9825342145620608,0.8955688498475972,0.8567140318599402,0.8467054258958966,1.0150995724925809,0.7690651830212742,0.7469441395472077,0.7810859902232301,0.724219949660348,0.6877503655120438,0.8875545710325241,0.6919570246017447,0.6540857397165953,0.6233820268044284,0.6122823936097762,0.5883238320695419,0.5790723217468635,0.5690145444344071,0.5643866287142623,0.5554860431481811,0.5853346739621723,0.5560741241948277,0.5470725688352889,0.9209299163491118,0.5556203271536266,0.5368178961615936,0.5505443438887596,0.6113474680950829,0.5907292824749854,0.5456455596813968,0.5165047673325912,0.5167605313746368,0.9116374219165128,0.5229660831757036,0.5797585142301578,0.5095142128274721,0.5269941940319305,0.6682779420094163,0.7038801800386578,0.503017974980906,
skip-3_non-skip-4_dropout:False_reduction:False_MSE,0.9382833131388122,0.8123959682735742,0.8203417693867403,0.7694350069060045,0.7498359843796375,0.7372986598342073,0.715143658220768,0.7964312235514323,0.6829618345580849,0.6764618896824472,0.6610069432679344,0.6602408532418457,0.6375964484816673,0.621760509396885,0.6604012356084936,0.6005147545068872,0.7725441413475018,0.5753012166595927,0.5684130949278673,0.5638360998355875,0.5608578952869364,0.5643706806734496,0.5484664615462808,0.5669759995504922,0.5417543431999636,0.5378221907452041,0.5357687652987593,0.5317807473680553,0.5315055144475955,0.5273008134727385,0.5269727930426598,0.5657011742393175,0.6213525878448113,0.6272743729984059,0.5227697756068379,0.5337961166001418,0.5293074047886858,0.5210238370825263,0.516639661336062,0.5317533024239773,
skip-1_non-skip-1_dropout:False_reduction:True_MSE,1033.7094833985263,763.6708632263483,532.8855865609412,833.3703988884009,567.7042188644409,695.1548636859538,486.2256902058919,396.502398367606,342.749301187548,671.3774183591207,344.6168710945138,286.861275434494,276.3917269800224,217.29911134523505,278.3150964878937,270.3656903166397,198.37251900107253,161.90514776753443,174.70006232518776,147.23049279054007,134.2868998033159,144.09330399129905,79.04369320413646,92.03678535480124,94.4502319383855,72.29610323526111,49.49828531169424,52.63966132408264,45.136137068856,38.91765533270789,36.0323969938007,27.20042549395093,21.60374869698403,19.4385635059546,16.49286735715235,16.009961058111752,10.983891169522323,7.5725656242347235,5.704485935323379,6.192699066564148,
skip-1_non-skip-2_dropout:False_reduction:True_MSE,111.97250901717766,285.4186174612419,117.49947298391191,135.28746263770495,143.7896907259436,121.54202199771125,86.70993060194978,93.27306335463244,50.69130296011766,139.1805343137068,46.80906763760483,73.3315205725969,84.17912760143186,120.73421866826568,52.79697945538689,26.255465537455738,23.2283808641574,31.29770934348013,44.71069425388294,40.47309153804592,32.10945640825758,27.81157898143226,32.1171227976972,17.59921437706433,18.98149711207724,14.745872567097344,17.864019784857245,14.980502575562864,13.627781741759357,10.833104113153382,14.114666491746902,9.564048147376846,8.308030170260691,6.766862300388953,6.656472658994151,7.508653113070657,5.935323045826426,3.258965089478913,2.893417948893472,2.897363380328113,
skip-1_non-skip-3_dropout:False_reduction:True_MSE,41.83912093835134,30.869581751963672,29.81364718839234,97.35385279737268,31.37571143373555,39.87253185230143,15.156466794948953,38.17466129245711,32.98229894173496,20.76468926536686,29.211908274421504,34.51932431874322,34.72542739155538,29.040055098194703,20.16576320371207,14.163898615422202,13.779063572194062,18.39240921025767,18.766680452023067,9.05169947869053,15.952736527312036,10.379379671578311,7.508438706105831,14.402767571164112,9.890472973678628,11.148567338784536,9.194189021984736,10.094593786725811,13.16060425589482,6.245958507645364,4.896848545793225,4.188224064953187,5.336191688974698,3.236384882938628,3.086904798944792,4.679637467744303,5.868723902851343,3.280738679363447,3.4190961177296497,1.832163339298145,
skip-1_non-skip-4_dropout:False_reduction:True_MSE,5.994504426478171,3.0015077824686087,1.8961153410229028,3.679821617316966,2.903362793811396,5.168794168268933,2.276348090347122,4.533463024333412,3.042768692269045,2.1213985357214424,4.859009160422811,2.174325346216268,2.351700508565295,3.446031801110389,1.6751597085419825,4.162333813075926,2.0905343932556173,1.751788131308322,1.794008357852113,2.7078047793577698,2.1043103422019995,1.8730880442787616,1.9638865683593003,1.4247917030371873,1.6139545030161446,1.6436025403878267,1.4665287020890152,1.9068837986857283,1.7290139097866477,1.6386424038632244,1.6646380437647594,1.558821616365629,1.9076921973450511,1.3507863839759546,1.5971918262395204,1.6765185165785106,1.5653340822341395,1.3531883056549463,1.6405353787921222,1.5703809661608117,
skip-2_non-skip-1_dropout:False_reduction:False_MSE,0.985473167662527,0.9730455887083914,0.9638976402142468,0.9696811548635073,0.9951861021565456,0.959827649827097,0.9429364470290202,0.9322667355630913,0.9990234673023224,0.9044735963438072,0.8749939311368793,0.8565065314372381,0.8424277381569731,0.8553850243196768,0.9234552691672364,0.8396341029335471,0.7970343658737108,0.7762604992763669,0.7546300937732061,0.869905059682388,0.7705426519992304,0.6974314138585446,0.7462015512819383,0.6871075344582399,0.66240282787704,0.6317077070182445,0.6646476138164016,0.700846089232786,0.5946304289003214,0.6634040490961542,0.7577996887997085,0.5915913971907952,0.5696702229918218,0.7015029706206977,0.8711350291383033,0.5476213191800258,0.5241915019703847,0.5253780066017427,0.545843849725583,0.5105019330832303,
skip-2_non-skip-2_dropout:False_reduction:False_MSE,0.8359661350647608,0.8327155858278275,0.8314408490470812,0.816389829212544,0.8340040220349443,0.825919609589904,0.8092012909405372,0.785631863802087,0.83252450721521,0.7693590910411349,0.769882863350943,0.8247674379278632,0.7309402607235254,0.7123630734927514,0.7909738986077262,0.695179808957904,0.6715723693955178,0.6752523347443226,0.6483534025210961,1.128015352230446,0.852054403912203,0.6094459756186196,0.6075191135499992,0.6213580451759637,0.6390009627622717,0.6401805660376946,0.5703423427162218,0.6864193070168588,0.6430764882734009,0.5784564129277772,0.9743137041143344,0.5385343211465606,0.5412297549785352,0.5397037551099179,0.5192093954366797,0.6746216192111081,0.5522131859964016,0.5320110006221369,0.5009294477309666,0.5145013330175596,
skip-2_non-skip-3_dropout:False_reduction:False_MSE,0.8746062336014766,0.8428852575666764,0.7290206805748098,0.6954364707949114,0.6798963904672978,0.6639355806012949,0.6543391570448875,0.6555926726729262,0.623256855662547,0.7387086772451213,0.6176262299219767,0.5472485277728707,0.548812149494302,0.53320347758777,0.5493698006167131,0.8215900770589417,0.5307314837095785,0.5606193095445633,0.556263214086785,0.9324115841996437,0.539707128031581,0.5353454519428459,0.5417393112153399,0.5283692679641878,0.5174634294474826,0.5351040344320092,0.5251416705694854,0.5425652051527127,0.66829682090411,0.6665353964941174,0.5147373744231813,0.5316708523999242,0.5148773919425759,0.5713874852540446,0.6040316132061622,0.5390873415505185,0.5020396839462075,0.5097968503102368,0.5310812589584613,0.5392070322060117,
skip-3_non-skip-3_dropout:False_reduction:False_MSE,0.8080414562833076,0.8020295981390804,0.8144415174336994,0.789759643814143,0.7831809655124066,0.7645111937148898,0.767999639990283,0.7590304379369698,0.7390043574805353,0.7383789415014725,0.7165636431937125,0.7045525329954484,0.7253789422558803,0.698821507248224,0.7949598466648775,0.6465359270280483,0.637458516248301,0.6404664886786657,0.6255839532789063,0.6165243245515168,0.5989429473000414,0.739750985713566,0.5939201632989388,0.5729841070578379,0.5657673779801995,0.6495675526413263,0.5567317796396274,0.5777064591061836,0.5760446187912249,0.5452918224767143,0.5408501217470449,0.5593504305271542,0.533988471489911,0.5574253473211738,0.7581192678680607,0.5274525824203795,0.5277540468994308,0.7120386838328605,0.5233965584022158,0.7203405817934111,
skip-2_non-skip-1_dropout:False_reduction:True_MSE,681.6197518367393,708.4573402287913,530.1800898640763,310.57298818172194,373.2936464101076,338.74793485099195,309.85024757595625,158.50774436108037,213.3096074198976,219.43254325845663,227.3931363385682,160.54007579035618,128.172310192211,145.67256102258085,82.34288304167636,78.06730058234112,122.17087728632433,76.87362596071235,76.89045249919097,59.95240817701115,41.04601658150261,33.93072092357804,36.70430474421557,35.49561493653877,31.631889328214463,24.3246179561989,28.55183495902548,19.180645055630627,28.563818774971303,12.670944495236173,9.76318024215745,11.0326759715875,9.344892509719903,9.414182615922948,7.55090117308439,5.971261400072014,5.9628283036690135,3.75443760407906,4.119910465151656,2.883152340557061,
skip-2_non-skip-2_dropout:False_reduction:True_MSE,113.42454567084124,97.7171291913472,82.48559692443585,78.78300709467308,70.99975464682953,61.82157290741509,57.56414414708521,60.90585492434455,41.646443295712565,70.45009785656835,63.59892730356432,45.219604813000736,31.199101082250184,31.86272167122247,37.0277852810481,36.32974742411398,39.50535047521778,24.32467106364521,24.73252447679931,14.37075925706064,11.49905105139695,26.94819313404607,14.025833776476336,14.579553167025248,13.311366885754408,5.74856433024009,5.260498554683199,5.170741390802112,6.864789488268833,5.483368794707691,6.85794121669788,5.628920849193545,3.478879648096421,2.691786013397516,3.332359525941166,2.136682422722087,2.21025775387591,1.7498523093321745,1.636492688574043,1.7303923499934817,
skip-2_non-skip-3_dropout:False_reduction:True_MSE,27.024255698218067,35.05043222463014,26.089700268764123,15.767564573708702,15.85997795182116,31.744665875154386,18.228522783108787,13.761406718515882,28.96889218220524,24.620501671789903,10.991405883694396,22.116822170130177,17.81611001082495,11.50059699194104,11.24554894338636,14.746889001306366,16.786260759713603,14.866453228627934,6.803509440200002,11.808629004686486,8.666786947378926,11.560564773339852,16.7121150534527,4.237661650659991,8.853173515375923,8.50425616958562,7.131522094356079,10.105967127663249,6.415988474207766,7.1611532628828405,8.92857731382052,5.552543947509691,4.552132640399185,6.559261586736231,5.945726812616283,2.720003203945417,7.750521096382656,4.143615549101549,4.330209162743652,3.1515529534103823,
skip-2_non-skip-4_dropout:False_reduction:True_MSE,6.2557078087885,4.164894689824067,7.7454113976336,6.509254384420666,8.59225648174099,5.830241115215947,2.710842643298355,3.622156354361305,10.273340071314106,4.569138440248721,3.755933756921805,6.987042121589184,2.608305694133628,2.3388559641499147,4.02344430588624,3.462649459640185,2.246617120562816,2.170818349017817,3.089589077614101,2.8230836945129374,3.987154341065416,3.996905483743724,3.274428575938823,1.9085289467783533,4.483341981529021,2.2497418541826453,2.258195795849258,2.2441807462304246,2.38110380868117,1.7875665110700272,1.9307116788684155,3.096020134494585,1.385811576802357,1.693959133516924,4.056002455891347,1.7985867659250896,2.0597870377641097,1.682292166439926,2.029618814952818,1.762262759255428,
skip-3_non-skip-1_dropout:False_reduction:False_MSE,0.9246272351227556,1.1549711513753032,1.1405877785063256,0.7410083895220476,0.6851551149990044,1.3406724941496757,0.6408893217643102,0.8443967163854954,0.5879881715073305,0.5713958288816845,0.5923950467623916,1.5332820181753122,0.5804286762779834,0.5301231183111668,0.521731330045298,0.5883750192382756,0.7121646810396045,0.5614634354909261,0.742831117820506,0.7916645723230699,0.5262555500455931,0.7353196678792729,0.4954203809154968,1.303282278425553,0.5615580215611878,0.7222000351723503,0.6325202160606197,0.4725630234415625,0.6055928711213318,0.5185577427493591,0.4851249492928093,0.5674254409238404,0.6456526038693446,0.6205223517528936,0.4732259737656397,0.476194060170183,0.5302700017597161,0.7204721286600712,0.5906980157482857,1.1484272433262246,
skip-3_non-skip-2_dropout:False_reduction:False_MSE,0.9898845363481372,0.9603365312019984,0.943164946694,0.9302307463744108,1.0022329086182165,0.8956940504265767,1.0060139323274295,0.858968530215469,0.840899605084868,0.858706987079452,0.8140191307254866,0.8329048713340479,0.8099510561601788,0.8667782036697164,0.9140555665773504,0.9153952965257216,1.7680103790526296,0.6770271974451402,0.6464879151945021,0.6612688998381296,0.617931083721273,0.6448064703567356,0.6387546348805521,0.5985826227594825,0.5895141009606567,0.5579174090834225,0.5685599322120348,0.5835253764309135,0.5424070550384474,0.5488182748211365,0.5830634353207607,0.552098914542619,0.5318940158787311,0.511704317202755,0.5616244946916898,0.5929609964437345,0.5077148057593435,0.5468990818834772,0.4944940585570008,0.6658091247081757,
skip-3_non-skip-3_dropout:False_reduction:False_MSE,0.9494247176483566,0.9336831178150924,0.9175236111178118,0.9247770256855908,0.898243801558719,1.0040168680396735,0.8855295574256018,0.8378257938459808,1.3875108594987906,0.7708584891230452,0.7626750162419151,0.8215483693661643,0.7514850438809862,0.7086581286846423,0.7405201645166266,0.6608721220902368,0.6550459758031602,0.6345743615107209,0.6059395077035707,0.5914606298593914,0.6261747342114355,0.7320644201016894,0.5954826444971795,0.5669919852824772,0.5781312400803846,0.5568325973901094,0.555753450146785,0.5255095473691529,0.6754776779927459,0.5559114011771539,0.588437113874391,0.5149025448104915,1.1180619813647923,0.4986136933313865,0.5142836507190677,0.4948793543758346,0.493371275819692,0.4938225430600783,0.4964646525388839,0.4859005019945256,
skip-3_non-skip-3_dropout:False_reduction:False_MSE,0.8725757549206415,0.8684728604321387,1.0621546360791898,0.7973681418042556,0.7814224195830962,0.7662860084982479,0.877594530582428,0.7493348656331792,0.7471898545821508,0.7606090252452037,0.7185284007413715,0.71561211318362,0.7312557428490882,0.6981939653701642,0.6651841492629519,0.6438117154380855,0.6571342306686383,0.8295335424881355,0.6399861900683712,0.6440573401164775,0.6299346672261462,0.6113528975961255,0.5958141005214523,0.5842423131506816,0.5805787749442399,0.5928543838946259,0.6475804656123122,0.5614787495749838,0.5553247735780829,0.6087760982633221,0.5750283062384993,0.544124977553592,0.5712623660836149,0.5407980428460766,0.5387974640756261,0.6167942741337944,0.6441197082692501,0.5962829868875298,0.5238804867600694,0.5232807436556208,
skip-3_non-skip-1_dropout:False_reduction:True_MSE,537.0826074960185,771.2621767550122,539.4899847390604,408.1314950713924,610.3731811969888,279.4012345245072,258.76113509547474,325.45180155249204,241.89226984042747,150.75058589904916,143.88292962225046,145.9872891108195,170.71724436855783,128.61733654901093,104.70455868512975,82.93878542617256,75.64858717018483,82.37418424995506,59.59138864161921,43.39467542837648,45.02632416200404,37.07026198915407,34.944616695537285,47.74277074781119,31.2459867544034,28.82950884074557,21.01452777958384,13.107871206513806,21.129957685283586,16.500497161465532,11.403237984168763,10.587184568246206,8.589208742859316,6.21303832005052,4.838139257010291,3.067450754490553,3.854780153900969,5.265617406835743,3.2854531094724058,2.7948546178785025,
skip-3_non-skip-2_dropout:False_reduction:True_MSE,172.65535801649094,152.87972390067344,72.48236246669994,89.8500196378605,90.88978522782232,94.65911766273132,40.06636610890136,72.62394179082385,46.98778280966423,56.18046052228002,62.52840309429403,59.78522921251316,66.43400654372047,64.8409327879256,36.41845203103388,43.85040657207662,34.10829467194922,35.74006294488323,58.71639677473143,36.72895826516199,21.40304078483114,32.3918561416806,20.068442768618173,18.736943710668413,13.687241806119095,23.93363795677821,14.57877065124465,9.511405306703905,11.043051372848304,11.17235538188149,12.129621120608029,8.28667777192359,6.5673152623223325,6.1649829435582255,5.645991128157167,5.702188840975948,6.717529569770775,5.194826030628938,4.366713029935079,5.310381030042966,
skip-3_non-skip-3_dropout:False_reduction:True_MSE,25.72344363875249,20.0469352104062,19.9636689608588,29.5077502105166,14.757208822696816,15.063077646727656,15.184424046207877,8.327685310560113,21.343394894225924,39.101366473471415,12.380981623834254,9.960615974430944,11.830806818735953,9.125118626245095,7.42135718727813,8.205154561528973,19.44024553135329,9.806797807415329,7.899171723454606,6.807847250033827,13.611653417348862,10.593398870790706,6.171209532548399,6.724955006411262,6.4852764813923365,4.034838813484884,3.2054541875042166,7.6293108717483635,4.309731185582339,4.12521834963677,5.767560943230694,2.816140719488556,4.901820930780149,3.4709618079896067,3.5593462267927096,3.6337797853584384,3.103609776672195,2.905177730847808,3.322121859327251,2.207711524530953,
skip-3_non-skip-4_dropout:False_reduction:True_MSE,4.093932288023186,2.385035799560593,3.107735772343243,3.331015993128805,3.601446096657538,3.498323680431235,2.0461522872541464,2.319892034226773,2.48651428111628,2.2907419569936454,2.403901919722557,3.755339261947894,2.3500928763373223,3.2323522290178373,2.405702481667201,2.2845565299777424,1.99738433109779,3.1909220262485394,2.258198938095102,2.412607357198117,1.6737760889763926,6.309511396449571,1.4214275165223609,3.2685426077714155,2.64270466434605,3.332756903826022,1.6547999380558145,2.545753416623555,1.761294349808903,2.266516750495808,1.9329205244487409,1.6755003750908608,2.661451638767532,2.044166088250338,2.775040738868947,2.43025748124894,1.8129253429817216,4.945842081060012,3.575563614421031,2.41464685444154,
skip-1_non-skip-1_dropout:True_reduction:False_MSE,1.2498969213635314,1.072821855545044,1.7722671405941832,1.4615847094386232,1.0088067826102762,1.8395920547784543,2.1330457715427174,1.4481740395228069,1.4563057294078905,0.9748265854283876,1.2759978315409493,0.794642448425293,1.3593478448250715,1.78919410238079,3.378666143791348,1.0461819709516038,1.7307158217710608,0.7808990122056475,0.6326920899982545,1.23463636636734,0.6022559506636039,1.881508799160228,1.113489452530356,0.8323887598280814,1.0533244475430132,0.8071933195871466,0.8065907879202974,0.6307253741166171,0.8403467343134039,0.6819570464830772,0.7595485729329726,0.5859024936662001,1.3069301598212295,0.9263991707680272,0.8390907306297153,1.3431133885009616,0.6521805776100532,0.8088865338587293,0.6829252581970364,1.0058039479395922,
skip-1_non-skip-2_dropout:True_reduction:False_MSE,0.9360212636928932,0.9320886342548856,0.9173788846123452,0.912194176047456,0.9019213204874712,0.8944933440755395,0.8813546866762871,0.8658895793498731,0.9900416357844484,0.8942324846398597,0.8746946366394267,0.8485466680105995,0.8240957488031948,0.7942896447345322,1.0195832398592255,0.8436918846678501,0.7575192404728309,0.7549768832384371,0.7723521961300981,0.7159220396595842,0.7060147344189531,0.6901995744190964,0.6894990321906174,0.6758839680868036,0.7262131212388768,0.6345781422421044,0.6377894761515599,0.6164812366752064,0.6210341043039864,0.5949209720334586,0.5923937459786733,0.6175997125751832,0.5725773150722185,0.5700232503460902,0.583615787765559,0.5522794773911729,0.5592136963033209,0.6738671432523167,0.5731911861940342,0.5398163552231648,
skip-1_non-skip-3_dropout:True_reduction:False_MSE,0.9485898796542018,0.8927751487376643,0.8655658884375703,0.8471407396536247,0.8958851947796111,0.8602904107640771,0.8444904422058779,0.8281045894996792,0.7730734192711466,0.7452954807702232,0.7125909673232659,0.7005893345557007,0.815956816369412,0.6731435422803841,0.6460866134832887,0.6687570353787319,0.632939463152605,0.8903990206765193,0.5920530605842086,0.5848606935903138,0.5777698239567233,0.5984180207346,0.5565112910288221,0.5518331553275678,0.6313325282113225,0.5454677400343558,0.5456765649803713,0.5556593326961293,0.5292933239948516,0.5876623029071911,0.5378306585491872,0.5912094309049494,0.5248592219078073,0.5744456038901619,0.5250791399648377,0.5165707853202727,0.5546365025288919,0.5093319335696744,0.5070827417440859,0.5060089383201272,
skip-3_non-skip-4_dropout:True_reduction:False_MSE,1.0036480076172771,0.9538550593105016,0.9143385628567022,0.883335569617795,0.868302187498878,0.8429354347434699,0.7942615002393723,0.803384853052158,1.03636071787161,0.709552122389569,0.7003265506788796,0.6702470044587173,0.6574807757256078,0.6379936425124898,0.6283135767660889,0.6213763603100589,0.6029201493251557,0.5917833629338181,0.584909865450041,0.5933935954874637,0.6052231671763402,0.5638927471111802,0.5601205690672585,0.5631851710963482,0.5541168068553887,0.5510603443664663,0.5621340575025362,0.5547532769029632,0.5772213307665843,0.5470351971247617,0.6514802367663851,0.549151173117114,0.5566270463168621,0.5527736881346095,0.5952638735373815,0.596098776687594,0.5505686661630285,0.5385072922297552,0.5440362838699537,0.5453768534695401,
skip-1_non-skip-1_dropout:True_reduction:True_MSE,1306.8479865076497,597.0777878118496,934.688756817696,709.4003202038652,393.3857199128937,655.0394210745307,444.0292554182165,599.0405128586526,327.05896595909314,799.8544957146925,433.96793598287246,361.9489443741885,214.85020966740217,268.34411480496914,134.38174639379278,171.61829249122565,143.50393499813828,109.9332137154598,177.7776660591948,126.743647581222,108.98730653553616,77.16078377792648,70.2266282193801,57.28411185712206,27.82194783903805,32.83199575923237,29.18257215268472,21.326891600501305,25.3612785719189,19.49626651464724,23.224131388991488,13.5928781237088,10.399264281286912,11.040380275716968,6.123014203765813,7.365301679746778,5.419122162110665,4.697637583549116,4.088131751207745,2.1749980838275422,
skip-1_non-skip-2_dropout:True_reduction:True_MSE,170.14028444477157,125.8042701436024,166.68222315346495,123.40992254720015,74.09010520402123,86.82025480971618,89.20777932978145,64.74303681943931,96.1989679219676,71.9298296152961,73.778973983199,89.89481136173595,39.44050199114809,46.99823639644127,56.88248592118422,29.245284609934863,28.73083221298807,37.731967928070645,50.25613176355175,32.35715162973194,47.86587738231117,21.52395699480001,17.550918518620378,17.213950640138457,16.89671532283811,15.20740498982224,6.872765854877584,15.48039663904438,10.336507344362785,10.263801419559648,6.247035976718454,4.896682267972067,5.789301329529753,6.027676084316244,4.634753790264036,4.898359876929545,2.1234766984102773,2.877982302185367,2.092728690043384,4.240222009373646,
skip-1_non-skip-3_dropout:True_reduction:True_MSE,23.795050818838327,14.940553624694251,40.15158220044538,27.58413398704108,20.00094646938584,22.685741875831987,17.72856181187957,31.259235819180805,18.19149649800623,16.89837917700118,10.697568805924815,10.998011564068934,13.69698513766714,20.422105398540403,15.610656378754214,12.655257921446772,8.046620243612457,11.87024443961826,8.794289557957182,7.707704936172448,4.922996917483854,3.547874096269701,3.984592058494979,5.846071328602585,6.00093640591584,5.069744994681256,4.030942386564086,4.7996526582568295,4.390897801912883,2.9215557784134267,4.425608626475521,2.4471196229843533,3.6837562134160713,1.8996346379612008,2.205140144217248,2.3337431804222217,1.8029618716123057,2.196597876648108,2.038083287869014,1.974304895190632,
skip-1_non-skip-4_dropout:True_reduction:True_MSE,6.938632723163156,4.645175220335231,7.6345398357393695,3.4580987588155505,3.240803866555878,3.29638252341572,5.841743495826628,2.235209647931305,8.561133216847391,2.488729417652768,6.498274319312152,3.3114144296622743,4.401921358909092,3.96460168589564,4.2085674533657,2.1193008991140947,2.270398890709176,4.211062427756249,1.7512715051279348,2.1705772477914307,3.125249256105984,2.3646314553186003,1.9168604500591755,3.914664023647121,4.012060906518908,2.7773764795240234,3.2833702539404235,1.853653048621673,1.866579101512245,1.8715829254657608,1.820093114148168,2.1242000467929185,2.1499460668248287,3.090415666208548,2.8370722107150974,3.602090912998891,1.755436949577986,3.187403611400548,1.6341254489094603,1.9688959302855475,
skip-2_non-skip-1_dropout:True_reduction:False_MSE,2.8405930762197458,3.2457477578929828,3.669611290389416,3.3520364527608835,3.666719679738961,2.906880631166346,1.5760778375700408,2.5802560226590026,1.7490955263960597,1.8349130060158525,2.2554571464949964,1.7581397972854913,1.987499550277112,1.2621681164292728,1.0276391541256624,1.050144031936047,0.8433226662523606,1.088400287955415,1.4633617704989863,1.0882654347840477,0.7312785129921109,1.2073195751975565,0.684093700320113,0.7511237786681044,0.7793975758786295,0.8491829388281878,0.6444702522427428,0.6030314766308841,0.8676481749497208,0.7110831094723121,0.8087362349033356,1.2704026067958158,2.169026379491769,0.7588562857286603,1.2449371779666227,0.7731013721695134,0.7212206768054589,0.8855365853683621,0.7610959036677492,0.9931798422453452,
skip-2_non-skip-2_dropout:True_reduction:False_MSE,0.8587681452433268,1.5599233040622635,0.7806754635245192,0.97934139417667,0.7577562218203264,0.8580716740266949,0.7075097696746097,0.6790415153783911,0.6613842066304356,1.492123114127739,0.6359224481617703,0.7911848642078101,0.6820251912462945,0.5972568212332678,0.6699475838857538,0.5847089627355921,0.6505174805939782,0.6568703208045632,0.5838231009011176,0.6666589208020299,0.5578524417736951,0.7397693278742772,0.5519052679632225,0.5420747934018865,0.5313617672552081,0.8802137407017689,0.5428598908817067,0.5393961107760084,0.5975159590735155,0.6512300749035442,0.5329801910648159,0.9887921915334814,0.5249438096641326,0.6540963220245698,0.5723962498938336,0.514013042709991,0.5122317323716832,0.521192690686268,0.5410986008012996,0.5048149346793983,
skip-2_non-skip-3_dropout:True_reduction:False_MSE,0.9305335183938344,0.9097640309848036,0.8975789710587146,0.8774258783634972,0.8476984544711954,0.940398036849265,0.9674762884775796,0.8153585578296699,0.7846912151458216,0.755273313060695,0.7406828748244866,0.7308817738119293,0.7612874072556403,0.7549535106210148,0.6686443462237424,0.8256416116275039,0.6422805630547159,0.6312160074126487,0.698169335138564,0.6067382583723349,0.5991790164627281,0.5943171743522672,0.5885943260555174,0.5773935514483967,0.6228495991113139,0.5749501970176604,0.5679439078359043,0.5567866137945184,0.5457727813399306,0.5456858169944847,0.5564203972325605,0.5675341977062178,0.5275680881504919,0.5310373705830059,0.5357138698591906,0.5186721596355531,0.5326637891942964,0.5153396241366863,0.5418858621634689,0.5191021513047755,
skip-3_non-skip-3_dropout:True_reduction:False_MSE,0.8678011577211174,0.8143286208311716,0.8037377370923173,0.814665089635288,0.8058771599157184,0.7546452798095404,0.7145900175559754,0.6928934383333898,0.6889431120133868,0.6610783749059135,0.6563367903524754,0.6308240466842464,0.6298326312326917,0.6240135923612351,0.6012400420857411,0.5937700806295171,0.5811308918922555,0.8644562644117019,0.6155586296729013,0.5618554266790549,0.5571672123144654,0.7265570184179381,0.5634097490532726,0.5515432605410323,0.6209233993408727,0.5462684715349301,0.6313011415448844,0.5520550415796392,0.5642476863428658,0.5654527197281519,0.5420155997077624,0.5514658977295838,0.545628100779711,0.5682830383964613,0.5269262227503693,0.5319783273426926,0.5415499949572133,0.534583583693294,0.5525678220917197,0.5517737224113708,
skip-2_non-skip-1_dropout:True_reduction:True_MSE,1337.0674378915744,847.1264955950718,1123.5602201480492,582.7748059092784,567.8154119089538,551.2729929878432,278.1669652695749,396.1287319928992,318.54267430583053,260.27837835865864,281.6446682670537,268.7862768272559,128.01932556474327,163.33982266865524,223.004482778264,145.93288827643676,174.84707403007675,134.34506776753594,95.05822551542636,99.49237241815118,97.31191301930184,54.93694353337381,71.14125485805904,48.14677013164642,48.58286725335262,32.919635198864285,34.00251497123756,40.74777734396505,24.3204868202116,27.40859085043856,21.91164669423711,14.55412517283477,10.095031124996204,7.28435662038186,9.50446314846768,6.99995596151726,6.683166657592736,4.928017237168901,5.202708064925437,4.0819967806923625,
skip-2_non-skip-2_dropout:True_reduction:True_MSE,127.36275526822782,104.40429201254658,173.40467399125006,126.88601236717372,113.7612457082552,94.74338700111008,86.79742764725404,79.13261637296162,53.33829198690022,105.55923174993664,43.467450147750334,56.391059050373,41.391530460586736,28.55712240992808,23.79854028715807,36.37760611433609,24.922406111862145,20.38981434206168,29.604538549687348,18.462210508538227,31.74292642082654,9.629880568268252,15.66256362521181,18.32565151184213,20.68020808346132,9.428376432143006,10.574316480872678,8.424728116860576,10.858907649914425,6.059943268842557,9.948547858963996,8.380321717437576,7.016712651825419,5.826460527584834,4.135725584392454,5.05728249675503,4.175356804301925,2.8784715693955327,4.060969401516166,2.4680940343760978,
skip-2_non-skip-3_dropout:True_reduction:True_MSE,28.806437660519983,22.626356616908428,19.99387368121568,22.19371357647812,41.21667229428011,17.659287357739373,19.41553058190381,6.981117068844683,16.59430722424797,9.5677099604817,10.224743233007544,6.777837646065974,7.1476542783134125,12.202209009551536,4.633751975701136,4.898741861184438,7.298025311792598,7.525935682888124,4.284389886785956,6.7616002561853215,3.84042733586302,5.078741598363016,3.314514649118863,4.555228342758674,2.863604019085566,3.0917445999734543,4.160998435362297,3.120088700278133,2.399514692963338,3.045723932776965,2.854315571779129,2.5695973973648223,1.905396788728004,1.6666118907285672,1.8425178279479344,1.9408647884048669,1.5159061448831184,2.0666155962675226,1.3731343746185305,1.5509586072727746,
skip-2_non-skip-4_dropout:True_reduction:True_MSE,4.269744395625358,3.014987070916914,2.7478247170939163,3.527267527930877,3.460928477346897,3.84992644424532,2.403642584880193,3.1443547324514856,2.0575192288732995,4.864458134653521,2.1033198583652,3.261720177297499,2.340482940933868,1.5755309366128023,3.990795701742172,2.951865612437912,2.360531993356405,8.889601995693702,3.1054997000039792,3.31027402728796,1.9154324581225712,2.764208813946621,2.034403658088516,1.6250066321854495,1.816245359094704,1.947057327511264,3.4519617502011504,1.4824493897750095,1.3921019364805782,1.6069759663705732,1.757408464217887,1.346767494783682,1.4917680425386803,1.347186892640357,1.2533984090767654,1.5910319481410231,1.7324971124237658,1.5660944950639033,1.4137748932721568,1.268276495092055,
skip-3_non-skip-1_dropout:True_reduction:False_MSE,0.982316733429245,0.9114209939451778,1.48522475391042,0.8671476377868185,1.0253258504557845,1.266369685968932,1.1812863211129223,1.177382637910983,1.6047478811997993,1.9261000308336,1.11383558985065,1.2993520948232389,0.8329052923648965,0.732855456716874,0.7496397863416111,1.964047704257217,1.0289165326485448,1.0567747868743598,0.7214604372925618,0.6460687444344455,0.6937457346448711,0.6851580554217684,0.6187379853982552,0.6034278507326164,0.6761087328926021,0.5747241316107559,0.5498767135774388,0.5457026675051334,0.783069928487142,0.5817291169774299,0.6152015997498643,0.5831231908763156,0.595613282173872,0.6430601360020685,0.6120831750187219,0.6611260753490177,0.6172000830079994,0.540570353285647,0.5069351382188353,0.727240662072219,
skip-3_non-skip-2_dropout:True_reduction:False_MSE,0.93118366569865,1.0853604350019903,0.905558848790094,1.1029623898805356,0.8811178376861647,0.908073251592178,0.878234885486902,0.8166298423619831,0.8421703366672292,0.8579763039654377,0.7940905041554395,0.7730595668156942,0.9069912696585936,0.7214374964435896,0.7214178970339251,0.8085492502386663,0.7555527488390604,0.7460877059721479,0.6654768403546483,0.7096526827297959,0.7483422278846595,0.6324605112712757,0.7596342236387963,0.6377021826657594,0.6218864979112849,0.6050957962870598,0.6623718355800591,0.9602793881706164,0.5861811745984882,0.582271209388387,0.6466344387507906,0.5746485131482283,0.5579649185140928,0.564472425217722,0.5544360639417872,0.5486333129160544,0.5479137678356731,0.5485920992990335,0.5682795426132632,0.5947756193139974,
skip-3_non-skip-3_dropout:True_reduction:False_MSE,2.313721839119406,1.9915349179623167,0.9843834118515836,0.93899334470431,0.9552239571131912,1.0103741504398047,1.648341784290239,0.8503207342297423,0.8259154780238283,0.8268008933347815,0.7864605465940401,0.8141500792082619,0.8503282894106472,0.7052201704651702,0.7899815451865103,0.8861405048884597,1.2159258396017785,0.6505220691655197,0.6576474021170654,0.8853625012379066,0.9080108690495584,1.0048631903003244,0.6098427379540369,0.6134998646436953,0.6419135159721562,0.5958680679985121,0.6566429480033762,0.5527980711091968,0.6489818902576671,0.5716257960188622,0.5413059051714691,0.5989560826736338,0.5491469549197777,0.5442595315330169,0.5945307646019786,0.6484128356564278,1.0038384917904348,0.6732726497393028,0.5587287385966263,0.5238081382624075,
skip-3_non-skip-3_dropout:True_reduction:False_MSE,1.0169789253496655,1.020571616934795,1.0477532545725503,0.965565232669606,1.0675850487222858,1.086114577218598,0.990757120590584,0.933870676685782,0.940850787303027,0.9008752224492091,0.899593252177332,0.9373900726729748,0.8838032896027845,0.8719488756329405,0.9110568417053596,0.8623397233439427,0.8375094158976686,0.8157917598591131,0.813508900941587,0.841758123215507,1.0023936340037514,0.7940205858618605,0.9634479478585952,0.7603463071818445,0.7272632935760068,0.7563312670179442,0.7394916029537425,0.6959009325387431,0.6877339840957931,0.692110521097978,0.6779330068943548,0.6646110403771494,0.6395926046020844,0.634791589689021,0.6723643108910206,0.614125207796985,0.6067038117086186,0.6109373774014267,0.6063613015427893,0.593598865264771,
skip-3_non-skip-1_dropout:True_reduction:True_MSE,912.4068665226883,777.2876015752554,480.1280805690616,557.4199725833594,708.5503299633662,449.2864086020227,439.15665790380217,340.61315561158983,531.8541489021451,213.49354419521256,190.80729658463423,403.8491877273602,210.21283569581368,253.26635550985148,210.5878228051405,158.72881777730643,151.64345902788872,128.86719421341138,140.96300904072967,99.44724146408193,108.432991470192,47.07166305476544,51.25899518237394,67.87787064924544,41.471336800532015,39.69141992809725,53.438914123703455,34.328678471492786,31.52856069978546,25.34758766813605,11.015582772300524,13.213554772968386,11.466443699802838,6.67404899410173,7.480099913828513,7.197515918343675,5.203928517652493,3.982627401749293,5.098538578140969,2.8983152692808822,
skip-3_non-skip-2_dropout:True_reduction:True_MSE,186.7968209342045,192.2614961780754,138.5679995416134,175.33380251596955,90.18348264226726,92.06803150796422,76.3286458347358,63.73788947086124,90.04413497857018,76.21434365417443,42.64238815447863,47.63606050376799,38.57152100930027,31.498073638069865,49.73744216795061,31.376681207441816,51.03575450941628,23.473582061190232,23.903990002239453,18.99168743572983,18.48296118483824,19.984464061318658,13.331573923867122,30.840556744120867,11.096205595661612,7.669182373612535,10.124947907585724,14.056705490046856,10.650963819786616,8.903683460810605,11.99508535861969,6.895168942855854,5.797619248137755,4.917390040907205,3.4266333324359914,3.4737546682065608,2.519715711182239,2.692768299696492,2.354336781171607,1.8803693324911828,
skip-3_non-skip-3_dropout:True_reduction:True_MSE,30.634459086785128,22.3642861802204,19.670249254680147,15.64066254128428,14.128889693641195,11.9573744193596,14.66126054846773,10.649926167200594,19.96975919078378,11.007567636376502,15.78671575586001,5.359329176884072,8.57819250868816,4.574336620230301,7.947390088848039,12.529734265716638,12.32432807536394,6.824518060567332,7.079030546487546,8.054894544622478,5.8980089538529805,7.032016777670851,4.908662723852139,3.9063639655417086,3.216992570050792,5.8351090567223,4.913951721553709,6.02553354189092,5.169896350114369,2.346480207992535,2.890761531451169,2.966945822770689,2.1679969198782656,2.192766426021562,2.534776773230702,1.5336886786070525,2.674658048386667,1.8657155082214112,2.70145969837904,1.564513111487031,
skip-3_non-skip-4_dropout:True_reduction:True_MSE,6.684119607011477,3.060004262363209,8.47639930613485,1.884818200095027,2.657195556105352,4.582671507316477,7.250787893784981,1.9182484125097592,1.6773498674818117,2.660461506715008,3.205489009618759,2.4699467578355003,4.221857104231329,3.9241458149809465,3.502680465432943,3.468103874109539,2.5919184063871703,2.017269642914042,4.36841185997222,2.066737324948989,1.999069082240264,2.315296588575139,2.796917697816503,2.9674385099434386,1.4660320920394916,1.8500817586101737,2.0945389362819054,1.5749324411153791,2.0715729813365376,1.4288589204205018,1.916411936283112,1.867430270594709,1.2940746840893054,1.751656360193795,1.7615655549601013,1.485972520475294,1.9908359857166515,1.253797013531713,2.24933275726496,1.4222039118701335,
