,0,1,2,3,4,5,6,7,8,9,10,11,12,13,14,15,16,17,18,19,20,21,22,23,24,25,26,27,28,29,30,31,32,33,34,35,36,37,38,39,40,41,42,43,44,45,46,47,48,49,50,51,52,53,54,55,56,57,58,59,60,61,62,63,64,65,66,67,68,69,70,71,72,73,74,75,76,77,78,79,80,81,82,83,84,85,86,87,88,89,90,91,92,93,94,95,96,97,98,99,Unnamed: 0
skip-0_non-skip-1_dropout:False_reduction:False_R2_MSELoss_DEMORUN,-0.2872735635907042,-0.4432553637261484,-0.8134377516952216,-0.2932776049071667,-0.2308211899271198,-0.2716389064695321,-0.1715580891160404,-0.1696450009065515,-0.09446289025101,-0.1424631932202507,-0.0664429278934703,-0.0231863681007834,-0.0427992472461625,0.0462889601202572,0.173374758047216,-0.423786134112115,0.2450810448796141,0.0711072169098199,0.227620007945042,0.1403362482201819,0.4177288985719867,0.3489687431092356,-0.3527003035825841,0.3291288357154995,0.4531456793055815,0.5084536753448785,0.4933087673841738,0.5189111828804016,0.3721259727197535,0.5442724835638907,0.4482606988327176,0.2595126441880768,0.4829435371885113,0.4002824741251328,0.2026971940900765,0.2697435769380307,0.2537592801393247,0.2114412492396784,0.5026494708715701,0.4021978179613749,,,,,,,,,,,,,,,,,,,,,,,,,,,,,,,,,,,,,,,,,,,,,,,,,,,,,,,,,,,,,
skip-0_non-skip-2_dropout:False_reduction:False_R2_MSELoss_DEMORUN,-0.0645513709853677,0.1105421442611544,0.1191375699697756,0.1101588571772855,-0.0832751814056845,0.0283424480288636,-0.3810670761501087,0.1586169051189048,0.2061017015401055,-0.2901034027922387,0.0290539241304584,-0.0097591047193489,0.284683907733244,0.2315907232901629,0.0766012575112137,0.3506924030827541,0.3680560939452227,0.3786986201417212,-0.1529260067378773,0.4602685488906561,0.3873385307835598,0.4835682394457798,0.3782587834433013,0.4685574372609456,-1.4235100360477673,0.5375578193103566,0.3689664777587442,0.1918077655867034,0.545001809503518,0.1562989482692643,0.5807609149053985,0.4727040505876728,0.4812888351141238,0.2215962339850033,0.5486034143204782,0.5752442502507976,-0.8311575814789417,0.4792896906534831,0.5877489143726873,0.4444580907915152,,,,,,,,,,,,,,,,,,,,,,,,,,,,,,,,,,,,,,,,,,,,,,,,,,,,,,,,,,,,,
skip-0_non-skip-3_dropout:False_reduction:False_R2_MSELoss_DEMORUN,-0.4198697209358215,0.0800228831814784,0.0812046492800993,0.2253673322060529,0.1789255153899099,0.2625721973531386,0.0546739358527987,0.3532502475906821,0.3789072691225538,0.1637510435253966,0.3650642095827588,0.2147964122248631,0.459537315602396,0.4670611993939269,0.3607736849317364,0.3657403074058832,0.3967851949673073,0.5090023524620954,0.5636587914298562,0.5532055952969719,0.5361344533808091,0.538392257456686,0.4085446105283849,0.101807553394168,0.4581718503260145,0.0235528279753292,0.4834879858821046,0.362325180979336,0.4698266632416669,0.5238287881308911,0.5327126337032692,0.5193562437506283,0.554738043570051,0.5607293248176575,0.4076148867607116,0.4585631852056466,0.0309733958805308,0.5209069310450086,0.0112322101406022,0.320360962082358,,,,,,,,,,,,,,,,,,,,,,,,,,,,,,,,,,,,,,,,,,,,,,,,,,,,,,,,,,,,,
skip-0_non-skip-4_dropout:False_reduction:False_R2_MSELoss_DEMORUN,-0.3110042938999101,-0.035775904561959,-0.3688075659321804,0.004127771246667,0.0287294913740719,0.1146724025408427,0.1861880234643524,0.2112983102891959,-0.0283669876117332,0.2760006726956835,0.2538526654243469,0.2643800681712581,0.3543343625816644,0.1809721764396218,0.3866860901608187,0.487188598688911,0.4847984699641957,0.346037536275153,0.4522084582085703,0.4985823631286621,0.2379052113084232,0.4317360274931964,0.5192641697677911,0.2828838907036127,0.4761992295583089,0.4847995393416461,0.3554753813089109,0.504115552294488,0.4727413210214353,0.5160632390601962,0.111245663727031,0.2308813169890759,0.4993892089993346,0.4137933429549722,0.1103874713766808,0.2050885067266576,0.441586670922298,0.3004033869388057,0.1438222258698706,0.5165202243655336,,,,,,,,,,,,,,,,,,,,,,,,,,,,,,,,,,,,,,,,,,,,,,,,,,,,,,,,,,,,,
skip-0_non-skip-1_dropout:False_reduction:True_R2_MSELoss_DEMORUN,-3969.095437508003,-4332.959033031089,-4140.356786248731,-3134.1303987362808,-2492.129091015049,-3241.1183573510134,-3133.6837744479085,-2957.873837134417,-3345.549337375398,-2196.5023928658634,-1824.7864005460456,-1969.2967337591967,-1020.8771403128026,-1080.8029491048233,-1113.0407724614238,-903.2651295638552,-1108.8979721373205,-1745.5290394904566,-537.4095334176924,-367.7024501585493,-746.3250199077177,-535.2169348726086,-482.1189054098784,-371.2100200641389,-295.74689496498485,-207.4439660287371,-226.0752443636165,-179.34025098997003,-226.1513596106978,-118.74193260833329,-140.8185484830071,-91.12232414530772,-76.38925790319256,-32.85502216044594,-49.71883464911405,-9.14625273615706,-13.900021203592711,-8.84886642297109,-4.562485604893928,-4.532795258596832,,,,,,,,,,,,,,,,,,,,,,,,,,,,,,,,,,,,,,,,,,,,,,,,,,,,,,,,,,,,,
skip-0_non-skip-2_dropout:False_reduction:True_R2_MSELoss_DEMORUN,-816.6819044398327,-447.4523722517724,-860.7551408889246,-1121.0147106764364,-782.5498806904344,-266.9533372626585,-469.6052945092613,-561.9086887637774,-595.2769102746365,-416.8748839602751,-817.1326900884217,-302.38210715499577,-579.7295389864959,-581.258382569341,-302.7013357795921,-231.2152649748559,-238.80975823659523,-274.45230583583606,-309.185969432195,-302.2482969562213,-241.80963209096123,-234.27835160610724,-212.81782877678964,-158.454777461641,-256.3614834804161,-134.96773459747726,-184.56803320202167,-183.1975350496816,-80.39830969595441,-123.48332954621785,-191.49269357615827,-112.20503456452312,-50.84852100587359,-50.55196234174803,-41.62474314956104,-37.33837265243717,-32.67376655340195,-26.48927938470653,-17.41184332557753,-31.078824718793232,,,,,,,,,,,,,,,,,,,,,,,,,,,,,,,,,,,,,,,,,,,,,,,,,,,,,,,,,,,,,
skip-0_non-skip-3_dropout:False_reduction:True_R2_MSELoss_DEMORUN,-251.69844617329392,-116.36725149785772,-158.85832351679895,-68.54972188262379,-98.85231458907032,-48.68975881151125,-104.80911371871537,-161.5669201577411,-113.18362927203084,-129.1473127603531,-63.36973890954373,-109.75407554004708,-103.34239832793963,-126.93175148145824,-63.305750853875104,-39.53502134598938,-43.558790437146726,-17.38223784343869,-56.250438297496125,-129.4565919871424,-60.85465130034615,-23.48101945601257,-30.09788562620388,-33.97273022637648,-57.54437348421882,-138.555474152752,-25.410734713077545,-38.26130748145721,-40.91212900596506,-20.482264572498845,-21.35713496862673,-22.445738901110257,-24.822251990729686,-14.18485458691915,-33.53077238681269,-24.22482933250128,-19.382812273268605,-9.891358596437115,-35.4173264187925,-10.925225352539735,,,,,,,,,,,,,,,,,,,,,,,,,,,,,,,,,,,,,,,,,,,,,,,,,,,,,,,,,,,,,
skip-0_non-skip-4_dropout:False_reduction:True_R2_MSELoss_DEMORUN,-4.629211651343925,-11.86704538148992,-10.59050982839921,-7.3147300212991,-45.64455903160806,-7.389584773895788,-9.564040662026873,-3.892460727224163,-5.783532731673297,-8.698635728920207,-4.7985258371222255,-6.415582060813904,-7.427657403197943,-4.9362872698727776,-11.161905369337868,-5.136607396836374,-14.66924782594045,-12.566641209172268,-4.688428364548028,-8.895954489707947,-12.85780618237514,-2.6365247135068857,-14.953054713267909,-5.160916604247748,-5.792244035823672,-9.893773764956231,-3.427089273929596,-3.220245226925494,-1.8160267332020927,-3.9335027570817984,-3.0006354077189576,-3.749895148417529,-3.0131127577201995,-10.20391999506483,-6.093977583389656,-6.269180286164377,-1.6587921158940184,-5.015812551274019,-2.040578753340478,-3.957549701718723,,,,,,,,,,,,,,,,,,,,,,,,,,,,,,,,,,,,,,,,,,,,,,,,,,,,,,,,,,,,,
skip-1_non-skip-1_dropout:False_reduction:False_R2_MSELoss_DEMORUN,-0.1208722509589849,0.0629849959822262,-0.692296544710795,0.0596537683524337,-0.1955172489671146,0.1695317859743155,0.1921055574043124,0.1414017174758163,0.2729887868843826,0.2389431338684231,0.3200796854262258,0.1254211103214937,0.3932438808328965,0.3281463443064222,0.3919560991081537,-0.2357190052668253,0.2038160597576814,0.4291381193142311,0.5111883913769442,0.4356160304125617,0.3459639409009148,0.5079994236721712,0.3924584341984169,-0.1933607996678819,0.5271109938621521,0.5303728650597965,-0.7517777587853226,0.4804223881048314,0.4231288468136507,0.0723970824596928,0.4707168434180465,-0.5659487901949415,0.1592236698842516,-0.6723350438417173,0.0908076096983517,0.5004638141276789,0.445613330485774,0.5568915138057634,0.5345744221818214,0.5526731890790603,,,,,,,,,,,,,,,,,,,,,,,,,,,,,,,,,,,,,,,,,,,,,,,,,,,,,,,,,,,,,
skip-1_non-skip-2_dropout:False_reduction:False_R2_MSELoss_DEMORUN,-0.3547843145389183,-0.3738489267872829,-1.2307630204686932,-0.4613950205784218,-0.0285979497666452,-0.0330196642408184,-0.0904957815712573,0.2121027988546034,0.244499358476377,0.0015933314959208,0.1767797025979734,-0.159709049206154,0.0817745690252266,0.3557378415967904,0.2714149110457476,0.0486307997329562,0.4007567494523291,-0.1940095868765139,0.4641223573217205,0.3930400189231424,0.4916936603246951,0.3966608035798166,0.4386250002711427,0.5417640922116298,0.328528248796276,0.5580124282369426,0.4691058888154871,0.2455676314877528,0.5833994851392859,0.5360845198818281,0.5532266684606963,0.1848888642647687,-0.0911743687648399,-0.105915532392614,0.5587208469708761,0.417883811043758,0.4199290801497066,0.5552939188246634,0.5111226462850383,0.2465139405400145,,,,,,,,,,,,,,,,,,,,,,,,,,,,,,,,,,,,,,,,,,,,,,,,,,,,,,,,,,,,,
skip-1_non-skip-3_dropout:False_reduction:False_R2_MSELoss_DEMORUN,-0.0005336298662073,0.0189808782409219,0.0844985807643217,0.1184002079215704,0.0949100267653371,-0.1116329466595369,0.0209762500781638,0.2178248891643449,0.2306032005478354,0.2385069108476825,-0.2641629307877783,0.3484371152578616,0.3312877732164719,0.3964605237923416,0.4125749293495627,0.3786049718950309,-0.4042885233374202,0.1953816986551471,0.465594396871679,0.4565847130382762,0.0620594959633023,0.5098817523788003,0.4233960205433415,0.4862925901132471,0.4796831432510824,0.4792727594282113,0.544882154932209,0.3725569926056207,0.4716191490491231,0.5621021039345685,0.3701692457292594,0.2157980075069502,0.2201754953347,0.4867654384351244,0.5370135120317048,0.5677958925565084,0.1920584627226287,0.4645910613677081,0.3565210045552721,0.4799992909618452,,,,,,,,,,,,,,,,,,,,,,,,,,,,,,,,,,,,,,,,,,,,,,,,,,,,,,,,,,,,,
skip-3_non-skip-4_dropout:False_reduction:False_R2_MSELoss_DEMORUN,0.1867255755499297,0.1564008687056747,0.0577385963178148,0.3204714492255566,0.3496949263647491,0.1545495507763881,0.2102530212963328,0.3720247184529024,0.3597789874263838,0.2740310453901104,0.3970206169521107,0.4466029277034834,0.3488808297643475,-0.0012670182714275,0.4992176119019003,0.4747656934401568,0.4296840639675365,0.4555943432976218,0.4233213008618822,0.4927048729915245,0.4744775073201048,0.4902229893441294,0.1050617274116067,0.4310807655839359,0.1959982502694223,0.4779555540458828,0.4030672428654689,0.1913371658792682,0.4653493797077852,0.5134832040936339,0.4619819369970583,0.3435955620279499,0.2725616541563296,0.4325816187204099,0.4954379060689141,0.1116981681655435,0.4559459639530556,0.3021890111998015,0.4711808901207119,0.2001844808167102,,,,,,,,,,,,,,,,,,,,,,,,,,,,,,,,,,,,,,,,,,,,,,,,,,,,,,,,,,,,,
skip-1_non-skip-1_dropout:False_reduction:True_R2_MSELoss_DEMORUN,-3430.151507088951,-3163.596333608908,-3247.510480416756,-2306.915061960033,-2580.6976220794754,-2559.258332071351,-973.156949134434,-2379.7814659908704,-2460.605709482642,-1344.3437014514325,-1757.0551569777376,-823.7898048700071,-815.0510809865652,-784.9189932720334,-766.877856133031,-629.7589833794856,-471.6041037779228,-773.51586375517,-729.1199261078648,-445.0767567064248,-349.7162398286894,-331.4095137166042,-231.3087774094413,-129.63974955268935,-169.06498043443642,-164.2123999198278,-139.5365536131111,-100.37924586791618,-164.03865335852493,-87.41129646114274,-93.10728172227448,-44.90264283792645,-43.44595608757992,-27.31657681395026,-22.61906610166325,-26.66479908134423,-22.783872821751764,-12.404345766002058,-16.953110845649945,-9.530686592354494,,,,,,,,,,,,,,,,,,,,,,,,,,,,,,,,,,,,,,,,,,,,,,,,,,,,,,,,,,,,,
skip-1_non-skip-2_dropout:False_reduction:True_R2_MSELoss_DEMORUN,-713.6529803416308,-654.2867896895783,-416.2937754579619,-277.99388752848495,-408.1240481979707,-371.02068768646205,-212.1226463937292,-291.41417398756624,-283.8699246422917,-490.4030330461615,-308.49219073267545,-252.3190753366433,-128.291891486037,-223.7817845695159,-180.1509004235268,-173.27124232521246,-161.5724582415001,-195.10869040325576,-102.21610673969867,-101.65692372649325,-144.70826015869775,-155.93315281353745,-48.84824181070515,-60.96923092416689,-41.68195896172056,-61.52369071338691,-31.66557974090763,-25.709170366034787,-23.4884506241948,-25.915604087651943,-29.33678262023365,-21.88883814741584,-14.263042294511608,-21.47959389406092,-18.17912291662366,-15.161785087164713,-11.476691932070487,-8.627966102431802,-4.362198328270631,-6.215376471771913,,,,,,,,,,,,,,,,,,,,,,,,,,,,,,,,,,,,,,,,,,,,,,,,,,,,,,,,,,,,,
skip-1_non-skip-3_dropout:False_reduction:True_R2_MSELoss_DEMORUN,-138.51742607238245,-59.06261424457325,-62.56500006072662,-80.51039492032108,-90.6524461180556,-47.57797585281672,-43.087250048039,-91.469955813651,-68.66392128607806,-43.66279006354949,-54.0040870051758,-69.35649668586021,-49.53577278758965,-46.49722421169281,-47.20799591962029,-32.73040753135494,-29.227214566632814,-14.2311827248218,-40.77428399347792,-28.07188075313381,-29.66185995644214,-11.958216230074564,-6.16921846889982,-17.213398836407006,-15.175037041598676,-29.609516487402075,-17.31602629025777,-16.96988515994128,-13.74808239586213,-13.732991196361242,-5.771895746390025,-5.032362012302174,-7.125976506401511,-5.107561414148293,-10.68550968170166,-2.9949830840615665,-10.178877211084552,-4.975739498933156,-3.94764838849797,-2.3951511266184786,,,,,,,,,,,,,,,,,,,,,,,,,,,,,,,,,,,,,,,,,,,,,,,,,,,,,,,,,,,,,
skip-1_non-skip-4_dropout:False_reduction:True_R2_MSELoss_DEMORUN,-35.44854994498047,-10.17353477898766,-18.110173980395,-31.9633777959674,-15.659879047496648,-11.35057595313764,-4.684390370752297,-30.416066617357966,-8.900664675469493,-49.3407107276075,-21.56033000875922,-12.309396140715656,-14.98484611861846,-15.993268881358352,-37.94796987491495,-4.9757080078125,-10.728132685025534,-7.831664895310121,-2.12661838648366,-23.230157851004133,-14.08511007416482,-7.812145590782165,-9.335073455875994,-7.248425836656608,-22.31552901805616,-7.71940688642801,-5.349864630138173,-9.161223891903372,-5.361922507192574,-64.74723645869423,-7.585923261502209,-10.467244116698994,-5.290619999754663,-3.237670534966038,-8.041628664615107,-4.451552877239153,-6.139144218435474,-3.245247178217944,-7.53805424302232,-12.21933272890016,,,,,,,,,,,,,,,,,,,,,,,,,,,,,,,,,,,,,,,,,,,,,,,,,,,,,,,,,,,,,
skip-2_non-skip-1_dropout:False_reduction:False_R2_MSELoss_DEMORUN,0.1255241398717843,0.1021993195309358,0.1496551971809537,0.0638825285668466,0.1849571372948441,-0.2916689106062347,-0.0605415082445331,0.2032953687742644,0.0896165663120793,0.1157299642469368,0.2374870835566053,0.3142447354746799,-0.0569384296735127,0.2761677036098405,0.3522950060227338,0.3071215807222852,0.1324817853815415,0.4333014908958884,-0.3380899838372773,0.2761592771492752,0.3651368968627032,0.4786126777237537,-0.4784822405553331,0.5061067038891363,0.3051770832024368,0.4763754571185392,0.3632344369794808,0.1887901588982226,0.3048235774040222,0.5676003951652377,-0.6390903218119752,0.2155053977872811,0.5479946300095203,0.4636970746750925,0.5643652993090013,-0.1404009391279781,0.2356722273078619,0.5632873072343714,0.5741803494154238,0.4957860427744248,,,,,,,,,,,,,,,,,,,,,,,,,,,,,,,,,,,,,,,,,,,,,,,,,,,,,,,,,,,,,
skip-2_non-skip-2_dropout:False_reduction:False_R2_MSELoss_DEMORUN,-0.1427786023009057,-0.1785897402202381,-0.2017856661011191,-0.8082572689243391,-0.5968144945069855,-0.0321308549712686,-0.3218212244557399,0.0064500909225613,-0.1679891920557209,-0.2357121273583056,0.0722651224510342,0.1282690903719733,0.1661713170070274,0.087078263946608,0.1340573780676897,0.0948764705190471,-0.0493520919014425,0.1523811723671707,-0.3443339268366496,0.3436722019139458,0.4036205060341779,0.3477100157270245,0.4643028249927595,0.4147937180949192,0.4650792386017593,0.2070395175148459,-0.954369179174012,0.457327804144691,0.3807620020473705,0.1677999999008926,0.2414966658049938,0.5416546604212593,0.2341401144569995,0.3352592973148121,0.0473261008075639,-0.694859945306591,0.5706276017076829,0.4521370179512921,0.5754687961410073,0.4393765552371156,,,,,,,,,,,,,,,,,,,,,,,,,,,,,,,,,,,,,,,,,,,,,,,,,,,,,,,,,,,,,
skip-2_non-skip-3_dropout:False_reduction:False_R2_MSELoss_DEMORUN,-0.8702513073004928,-0.382672088987687,-0.2108706831932068,-0.2486168379877127,-0.2625656174678428,-0.511372491425159,-0.1181456808950386,-0.2259260591338662,-0.11699346000073,-0.1428654591242472,-0.2907375249208188,-0.0827929213935253,0.0126652168292625,-0.0245858933411392,0.081933762512955,-0.2594095445146747,-0.2551602721214294,0.1934499845785253,-0.0269579770518284,0.1875364885610692,0.1362007552502202,0.0441923644028457,0.2606400122829512,-0.0744788506451775,0.2587623105329625,0.1689823071161905,0.4039669118675531,0.3935322422607272,0.2761612347528046,0.4727318029777676,0.4909911319321277,0.5061025233829722,0.2901614974526798,0.4095863664851469,0.48411938606524,0.2761866707427829,0.5308229864812365,0.5083360356443068,0.5367510143448325,0.4721719657673555,,,,,,,,,,,,,,,,,,,,,,,,,,,,,,,,,,,,,,,,,,,,,,,,,,,,,,,,,,,,,
skip-3_non-skip-3_dropout:False_reduction:False_R2_MSELoss_DEMORUN,0.1397447901613572,0.0650026669689253,0.1008218515153024,-0.1459126659468108,0.1847362833864548,0.2273603280385335,-0.0678630973778519,0.1569369236628214,0.067472827200796,0.1636927244709987,0.2310866666775123,0.2623475322536394,0.2267655765309053,0.1890087723731994,0.2338875356842489,0.3321383092917648,0.2724521230248844,0.4055318949269313,0.3984179859067879,0.4699510382670982,0.4519364681898379,0.4348878778663336,0.4431534888697605,0.5028664493093303,0.2788369468614167,0.4233512831669228,0.3541231389139213,0.5607812100765752,0.5126986503601074,-0.165654721213322,0.5683514207017188,0.3687843890751109,0.5381359002169441,0.4637824261889738,0.4367929930780448,0.475629471096338,0.5462269350594166,0.5616312810018951,0.4868781134194019,0.5452296990974277,,,,,,,,,,,,,,,,,,,,,,,,,,,,,,,,,,,,,,,,,,,,,,,,,,,,,,,,,,,,,
skip-2_non-skip-1_dropout:False_reduction:True_R2_MSELoss_DEMORUN,-2957.2237794633006,-3261.6833017784006,-1323.8774291861291,-2342.936223574713,-3859.9214533707673,-2021.6593640551848,-983.5335518565832,-2395.303231691613,-1171.9515345236834,-1486.3316007478563,-936.7233871665655,-608.2136070038758,-810.4340579229242,-542.364722443562,-614.4904702714845,-820.070194526046,-529.0797380863452,-518.6146472914546,-454.9870648641213,-327.1162446036058,-332.9862453960905,-197.3748791404799,-261.37849673102886,-253.0968607488801,-232.9484165205675,-181.115065612045,-66.17109260839574,-90.17383798664692,-83.58929368795133,-60.52361614096399,-63.51239745874031,-73.24142169368034,-34.94787719086105,-22.42007193378374,-30.92338156933878,-19.38900255572562,-19.49773302265242,-11.639980282269272,-9.668601233585209,-10.026328431624991,,,,,,,,,,,,,,,,,,,,,,,,,,,,,,,,,,,,,,,,,,,,,,,,,,,,,,,,,,,,,
skip-2_non-skip-2_dropout:False_reduction:True_R2_MSELoss_DEMORUN,-328.65852969768,-443.49703894175735,-349.2171085313255,-252.2694129254304,-336.3128575869635,-292.5139871975955,-156.4262205619438,-159.29637971929475,-275.5297376361548,-269.75306315281813,-181.89952051522684,-113.25457046429317,-150.1915505399891,-124.75791660477134,-189.4494121121425,-161.52573467586555,-111.71405238964978,-75.57786829915702,-138.68995756845848,-120.56809952913548,-84.93117827293919,-39.19832281739104,-98.03638392336228,-55.47119457113977,-26.137897866613724,-40.67807456558826,-29.932481935211257,-17.229901328975078,-11.02707437206717,-21.03795943073198,-43.96186925266304,-23.24294179210476,-26.78159128918368,-16.38985745462717,-7.316901094773236,-6.092158539622438,-6.568947214706271,-10.416084851704392,-5.512454648812612,-3.0690794961125243,,,,,,,,,,,,,,,,,,,,,,,,,,,,,,,,,,,,,,,,,,,,,,,,,,,,,,,,,,,,,
skip-2_non-skip-3_dropout:False_reduction:True_R2_MSELoss_DEMORUN,-71.04107021467358,-71.31559709474152,-238.90680299553216,-87.23316099596958,-124.02930365941104,-118.49192791359096,-58.22369201978048,-44.69744672611648,-149.1457282199579,-122.34479645771138,-23.61267175277074,-88.6008990278431,-26.043473664452048,-34.15474903349783,-31.546560334224328,-21.93029969813777,-33.405438181232,-26.991834888271256,-17.369508937293407,-15.819687562830309,-14.939323475547866,-11.062979278611202,-34.08228544160431,-16.519796985037186,-15.13699052029965,-18.160931992764567,-12.116551814126034,-13.312040594278598,-5.908040724548639,-12.40084583268446,-9.26115108237547,-7.602651209223504,-8.245735692042931,-6.148270783471126,-6.5726661471759575,-6.812426824195712,-9.771900351141014,-4.7989170516238495,-6.957383666552749,-4.960420014811497,,,,,,,,,,,,,,,,,,,,,,,,,,,,,,,,,,,,,,,,,,,,,,,,,,,,,,,,,,,,,
skip-2_non-skip-4_dropout:False_reduction:True_R2_MSELoss_DEMORUN,-12.406857101356282,-10.711620259518718,-20.006505331572363,-15.84845019088072,-10.343744304834628,-15.46067117475996,-105.65192024380552,-8.63305915220111,-15.60400357433394,-15.345349273260902,-9.313384479167414,-9.827529994880452,-35.66560523650225,-12.582486133949429,-8.290092233349295,-8.41511680916244,-5.138678529683282,-10.106040448534722,-2.7304912770495697,-11.42025171658572,-38.45148533348944,-12.673318726174973,-7.724830549137265,-7.658677815222273,-3.752975944210501,-3.616610183435328,-6.139404614766439,-4.298624771482804,-3.651882114363652,-7.282248569469826,-17.586535643128787,-6.046557955882129,-5.972607535474441,-6.083042903273713,-7.334654570794573,-8.129450518710941,-5.549202606958501,-3.2848457425248387,-4.915007758374308,-4.606426610666163,,,,,,,,,,,,,,,,,,,,,,,,,,,,,,,,,,,,,,,,,,,,,,,,,,,,,,,,,,,,,
skip-3_non-skip-1_dropout:False_reduction:False_R2_MSELoss_DEMORUN,-0.591972291469574,-0.4546731336444032,-0.620279919867422,-0.2361016589052537,-0.3128936991972081,-0.3024713291841395,-0.2098976432108411,-0.3090327428836448,-0.221298007404103,-0.1337986985842386,-0.1398157044952991,-0.0661329147862453,-0.7011701406217089,-0.0595312784699832,-0.0739351838242774,-0.1642410533100951,-0.6427285834854725,-0.1188659971835566,0.0673192984917584,-0.4431255237728941,-0.1545711650567896,0.2868861135314492,0.0340495612107071,-0.0304795328308554,0.0248233839577319,0.0774039731306188,0.3831391077415615,0.4261859573569952,-0.4499544057191587,0.4443322163002163,-0.4077552124565723,0.4019963156943227,0.481194137358198,0.2815506703713361,-0.2973496867161171,0.448279131861294,0.1798702922521853,0.2069988063737458,0.2709270213164535,0.4720160318355934,,,,,,,,,,,,,,,,,,,,,,,,,,,,,,,,,,,,,,,,,,,,,,,,,,,,,,,,,,,,,
skip-3_non-skip-2_dropout:False_reduction:False_R2_MSELoss_DEMORUN,-0.3648139308480655,-0.2531372635972266,-0.2298528049506393,-0.164606070985981,-0.2051244868951685,-0.1628352228332968,0.0236086541531132,0.0381350353652355,0.0634685228852664,0.0954531606505898,0.1539269685745239,0.2071624678723952,-0.7060769621063682,0.3072879057304531,0.1504652535214143,0.2614166724915598,-0.1682309718693004,0.4056742296499364,-0.5348722771102307,0.0701364021675259,0.3811204199697457,0.3298039471401888,0.3755116357522852,0.2636126607072119,0.518983008814793,0.5342197102658889,0.4426165293244755,0.5299146479251338,-0.6010409990946451,0.4437361827083662,0.4006658780808542,0.4562220666922775,0.5100136352520362,0.4808740849588431,0.4771425221480575,0.5016699398265165,0.4676510457899056,0.1584589551476871,0.5345260921646567,0.5246199205809948,,,,,,,,,,,,,,,,,,,,,,,,,,,,,,,,,,,,,,,,,,,,,,,,,,,,,,,,,,,,,
skip-3_non-skip-3_dropout:False_reduction:False_R2_MSELoss_DEMORUN,-0.2090404699830448,-0.3339272573882458,-0.1553417268921347,-0.1438898619483499,-0.3062652396220787,-0.0574872692426045,0.0526655666968401,-0.0988961610139585,0.0143135143261329,-0.0022183048958871,0.1526658406444624,0.0272802628722845,0.2225569954105452,0.0916582229090672,0.290521389129115,0.290634321231468,0.1576508552420373,0.3283281419791427,0.1932555425400827,0.0423183172356848,0.3768871298023298,0.4594229214331683,0.4465146917922824,0.5088735900673211,0.4554329210636662,0.4094517324485031,0.5282828492276809,-0.7225313128209582,0.4873387568137225,0.4795876589475893,0.3340809660799363,0.4529015491990482,0.2532274874986386,0.4917955959544462,0.3431118329366048,0.5335099171189701,0.5017751408558265,0.4235801053982155,0.5112283627192179,0.1030225894030402,,,,,,,,,,,,,,,,,,,,,,,,,,,,,,,,,,,,,,,,,,,,,,,,,,,,,,,,,,,,,
skip-3_non-skip-3_dropout:False_reduction:False_R2_MSELoss_DEMORUN,-0.3769307568961498,-0.3036492092936647,-0.159739989860385,-0.158950270390978,-0.0246985507946388,-0.0717779082410475,-0.0140094348028594,0.0953934893888585,0.0383141531663782,0.1232180688895431,0.2337490951313692,0.2675570658608979,0.3153434547723508,0.029204741412518,0.3598810714833876,0.4116111689922856,0.5059228668025896,0.5509034944515602,0.5399229900509703,0.4326069156328837,0.49188279170616,0.5706549064785826,0.562408892547383,0.5772413120550268,0.2098963634640562,0.5473742929159426,0.5094014978876301,-0.0661815089337966,0.5297510144757289,0.477786893938102,0.5273039259162604,0.5398745256311753,0.348989161790586,0.2403542200724283,0.500158731843911,0.5012534202313891,0.3455921142709021,-0.3935987481883928,0.518704773164263,0.2888089640467774,,,,,,,,,,,,,,,,,,,,,,,,,,,,,,,,,,,,,,,,,,,,,,,,,,,,,,,,,,,,,
skip-3_non-skip-1_dropout:False_reduction:True_R2_MSELoss_DEMORUN,-6723.938521946177,-5860.445235976986,-4327.667083702835,-4152.403619859733,-2112.767236531949,-2015.5209427440868,-2069.4553906496835,-3514.5940976879174,-1517.0216971776065,-2024.1921984027413,-1496.8806254396252,-1891.4639063909945,-1680.734727057756,-2303.8881426231533,-1231.2623017068004,-1108.68722861304,-667.0255101989297,-535.9115717691534,-922.9295686611944,-1899.66616108137,-644.2588281783403,-603.605786428732,-663.1711183926639,-510.7109561714472,-330.7463497986981,-384.38464157604704,-255.85253842905456,-253.99521336602228,-187.6431260179071,-222.11137800123177,-110.76570822210871,-78.15344061103522,-86.08310129712609,-73.30025497955434,-43.93708512128568,-58.562053927019534,-50.9036236241752,-40.3153189292141,-21.607100617651845,-17.72743959870993,,,,,,,,,,,,,,,,,,,,,,,,,,,,,,,,,,,,,,,,,,,,,,,,,,,,,,,,,,,,,
skip-3_non-skip-2_dropout:False_reduction:True_R2_MSELoss_DEMORUN,-719.1328886794109,-695.8076844075147,-202.75721794951195,-304.1337281862895,-299.26561715322384,-229.408662017654,-607.8191662348953,-229.89066389845863,-474.78399277668376,-437.26897223323,-209.04062374082267,-153.87883507737925,-91.11120282902436,-179.8308902581533,-152.62520132111567,-143.04043581088385,-198.35448137334748,-136.9854973484488,-153.46832873540765,-74.05427134971993,-82.2936092509943,-91.70105288309207,-137.2517839529935,-56.19286141091702,-90.06909898215649,-42.76274725151997,-41.22874753498564,-43.1896066513716,-45.141715500869005,-53.30455749642615,-29.40086700986413,-24.24532708233478,-13.281678781789893,-15.034014199294296,-14.13892362281388,-12.334676332333508,-23.74412425826577,-10.115992115993128,-7.202183531779869,-10.768527775418525,,,,,,,,,,,,,,,,,,,,,,,,,,,,,,,,,,,,,,,,,,,,,,,,,,,,,,,,,,,,,
skip-3_non-skip-3_dropout:False_reduction:True_R2_MSELoss_DEMORUN,-106.64047095471736,-57.29283852436964,-172.5769620420886,-92.2139106112368,-263.54693220526565,-99.16193525347056,-44.7317096602683,-58.17925337716645,-127.17940462453691,-50.10398637897828,-59.04654963811239,-38.08827158516529,-106.76970095727958,-57.99204081647537,-51.8590660480892,-14.304962064705643,-94.44227730760387,-55.404019761319255,-21.43663938255871,-46.63963075946359,-53.94672109215868,-32.07481178115396,-27.86859453308816,-12.639674000880298,-28.284186364388933,-30.871978585626564,-19.19999448692097,-36.30615625311346,-10.786065117985595,-12.459661957095651,-33.33902336920009,-13.42808547557569,-14.244037053164314,-9.875172863988317,-16.040391197391585,-12.499951380140642,-22.01555359363556,-11.5300640966378,-5.582894061125961,-10.252819268142476,,,,,,,,,,,,,,,,,,,,,,,,,,,,,,,,,,,,,,,,,,,,,,,,,,,,,,,,,,,,,
skip-3_non-skip-4_dropout:False_reduction:True_R2_MSELoss_DEMORUN,-18.5970308955978,-11.329831977685291,-32.412522808009506,-21.210779976611043,-20.83259797680612,-6.5402169928831215,-11.113205938946969,-9.81348361454758,-8.01052073871388,-6.71026924310946,-4.18284327025507,-14.523144531483744,-9.043056388696035,-5.441358711205277,-16.079916030752894,-8.506328495109782,-6.817441283487806,-6.712439881820305,-8.068615426035489,-7.882701685615614,-9.35011409778221,-2.1682946132678613,-3.059811353683472,-16.440729849478778,-3.8361804578818526,-8.822628370687074,-6.524995830713534,-4.903041390811696,-8.092478962505565,-3.060476187397452,-11.709475980085486,-2.84126331058203,-2.896469473838806,-3.954274885794696,-5.308512665477454,-2.848810908841152,-2.688161605713414,-2.136508383002936,-5.436281524452508,-6.841754982284471,,,,,,,,,,,,,,,,,,,,,,,,,,,,,,,,,,,,,,,,,,,,,,,,,,,,,,,,,,,,,
skip-1_non-skip-1_dropout:True_reduction:False_R2_MSELoss_DEMORUN,-5.21462276987001,-1.1611132610077952,-0.5761020627676272,-0.244664123245314,0.0164124346246906,-0.2427651695176667,-1.0137008568819832,0.1380630053725897,0.1882517337799072,0.2357724121972626,-0.1312473287769392,0.3222741461267658,0.1058870413724114,0.3463444242290422,-0.0374336406296374,0.3944762875052059,-0.0918791703149384,0.3828945148224924,-1.7979321549920475,0.4805404917866576,0.5380755323989719,0.292500917818032,0.5197151981148065,0.5304025493416131,0.1129862642755695,0.5624484314638025,-3.7403253328566457,-0.0963664954783869,-0.4254865646362304,-1.497900194981519,0.4438613115572462,0.5587800612636641,-1.1822581571691178,0.4220187722467908,0.3115723331769307,0.4652465500083624,-0.2063479072907391,0.5930251373964197,0.5276638736911848,0.4524891002505433,,,,,,,,,,,,,,,,,,,,,,,,,,,,,,,,,,,,,,,,,,,,,,,,,,,,,,,,,,,,,
skip-1_non-skip-2_dropout:True_reduction:False_R2_MSELoss_DEMORUN,-1.9733704679152544,-1.7251081513423543,-2.368254863748364,-3.13492556997374,-3.422660908278297,-3.513144746714948,-1.8939236671316857,-2.357520319667517,-2.274930283135059,-2.4364394265062668,-3.0234504856315314,-3.636929432551066,-0.4091564311700709,-0.2867779170765596,-6.1620725627039,0.0802356413766449,-0.7563286785985909,-2.3464974340270546,0.1639394152398202,-2.6877761284510293,-0.3790020498574948,-0.957421364737492,-1.3500392752535202,-0.4741117580264222,0.0197432181414435,-1.4899681596194996,-2.655924818095039,-0.3671183656243717,-0.0196799483953737,-1.12383350204019,-0.2699592627731024,0.4473827235838946,0.5390232298888412,-0.4414926592041464,0.023299308384166,0.5373299180292616,0.266460962155286,0.5820305838304407,0.4492157347062054,0.5109950070287667,,,,,,,,,,,,,,,,,,,,,,,,,,,,,,,,,,,,,,,,,,,,,,,,,,,,,,,,,,,,,
skip-1_non-skip-3_dropout:True_reduction:False_R2_MSELoss_DEMORUN,-0.2265886150154413,-0.1584392318538591,-0.1629539190554151,-0.4176422229000166,-0.0229000133626601,-0.1735950930445802,-0.0297795686067319,-0.1269839441075044,-0.0717880363557852,0.0222651116988238,0.1924047925892998,0.0995846659529442,-0.1448439418100843,0.1883736334595026,-0.1826537520277734,0.3078298475228104,0.2796915372212727,0.3622205502846661,0.2950931168070026,0.4001041019664091,0.4214163866697573,0.406140131108901,0.2860400174178329,0.4039839225656846,0.4623346515730315,0.4881838980843039,0.4064391185255611,0.4463802377382914,0.505353031205196,0.4996990152433807,0.4640155341110977,0.4900886872235466,0.4979858456873426,0.4193048862849964,0.4823505329150779,0.4220181586695652,0.5354910901948517,0.5031801543983758,0.5157893089687123,0.4042513744503844,,,,,,,,,,,,,,,,,,,,,,,,,,,,,,,,,,,,,,,,,,,,,,,,,,,,,,,,,,,,,
skip-3_non-skip-4_dropout:True_reduction:False_R2_MSELoss_DEMORUN,0.0177380875045178,0.132696856470669,0.1959146553394841,0.0097843186528074,0.0531804900543362,0.3027931568669338,0.3672975710794037,0.3061634302139282,0.3068532359366323,0.2849428010921852,0.1995690161106633,0.4462795900363548,0.4467920976526597,0.274568124144685,0.4901521626640768,0.4162873579006569,0.3446687974181829,0.3113115780493792,0.3947507014461592,-0.0413315822096432,0.4186941852756575,0.3924462678385715,0.4539882622513116,0.4509702032687617,0.330065551926108,0.4598493786419139,0.4393272516774196,0.2940821694392784,0.2990418754371942,0.2246643935932832,0.2718290967099807,0.4703230074807709,0.3583494202763426,0.2844305844867931,-0.2274685396867639,0.1211222854315065,0.468942873618182,0.4272920325690624,0.2773090121792812,0.4020644239350861,,,,,,,,,,,,,,,,,,,,,,,,,,,,,,,,,,,,,,,,,,,,,,,,,,,,,,,,,,,,,
skip-1_non-skip-1_dropout:True_reduction:True_R2_MSELoss_DEMORUN,-2806.5049208987,-2494.204881817687,-5140.541854285726,-2904.750770643646,-4647.619951818504,-3371.5165540844787,-4150.740851396439,-2376.7524501248904,-2210.3146691953434,-1867.1486641881515,-2142.218518626456,-1557.9681141493368,-1089.0497771115863,-1269.9288439727295,-1447.000138198628,-855.9032294738527,-1281.3137048950382,-1106.271019316187,-679.903094511406,-644.8556198279063,-881.7894561243992,-665.7021362547781,-568.8840191294165,-686.0069775967037,-289.03767762932125,-434.75718722623935,-233.5283498635479,-185.37946522469613,-152.467961416525,-124.92303540659886,-100.6305800875028,-88.84918954208786,-90.55054067630394,-93.4753987029487,-51.69145211635851,-46.28342559407739,-33.423425601977925,-39.27263981454513,-14.511826103808833,-9.50230563621895,,,,,,,,,,,,,,,,,,,,,,,,,,,,,,,,,,,,,,,,,,,,,,,,,,,,,,,,,,,,,
skip-1_non-skip-2_dropout:True_reduction:True_R2_MSELoss_DEMORUN,-685.5627561877756,-521.2070625891872,-824.2618346003925,-532.8688449473942,-531.0203833603391,-646.6785662279409,-344.8352476989522,-233.88758257791108,-430.40392129795225,-250.90808820490744,-193.4542290404731,-124.21932417271184,-340.7450889956717,-184.98857171395247,-174.39542297522226,-113.65638790411109,-134.11150545699925,-169.35065092759973,-193.52043237522537,-129.92015280676824,-83.52189220517289,-79.30952524087009,-65.82301451061286,-62.34434347176085,-34.07259334068672,-35.98874465273876,-23.76241275259093,-44.06625899380329,-57.10251777779822,-25.0212882570192,-21.276891303997413,-32.59088137570549,-15.204442657676395,-14.592135735586576,-13.673447978262807,-10.808396507711972,-6.58545270503736,-5.035692937233868,-5.584523632245905,-4.248837238433314,,,,,,,,,,,,,,,,,,,,,,,,,,,,,,,,,,,,,,,,,,,,,,,,,,,,,,,,,,,,,
skip-1_non-skip-3_dropout:True_reduction:True_R2_MSELoss_DEMORUN,-81.87746925447502,-103.1107264102674,-82.81969299620273,-58.33939849395378,-85.73696264449288,-117.59587147539736,-54.43653980774038,-89.98531192073635,-47.08924846088185,-47.97374985732285,-27.899052172314885,-29.47860579397164,-46.97124929054111,-32.02441499396866,-66.46975645364499,-18.54956809913411,-32.75742757437276,-17.717796144532223,-13.102518518765768,-26.995656359429454,-14.393756027315176,-14.209747935042662,-17.564779494322984,-15.59199129600151,-11.628103017807009,-13.815111313380449,-12.16623503554101,-12.017568440998302,-3.0791857230897044,-12.013758488729888,-8.205133005684496,-17.40833818912506,-10.600780589907776,-9.024380722466637,-3.637356615534016,-4.894329075719796,-3.288086364082261,-4.477361793611564,-2.436424332506516,-3.965823947214613,,,,,,,,,,,,,,,,,,,,,,,,,,,,,,,,,,,,,,,,,,,,,,,,,,,,,,,,,,,,,
skip-1_non-skip-4_dropout:True_reduction:True_R2_MSELoss_DEMORUN,-17.97740252929575,-19.74914945457496,-33.68806417198742,-8.815205790248571,-11.412197795568728,-11.135758262054592,-17.424080445485956,-22.07259588498696,-16.803623339709112,-16.34337635601268,-25.56926268339157,-16.14568300925049,-27.904924513078203,-5.62082468177758,-5.2784356007389,-24.38978330411163,-10.641765475273132,-9.586603994463005,-6.160547948351093,-5.874456535367405,-7.4032276226025,-7.608800149431415,-18.567647505040263,-14.89017319796132,-16.435781053468293,-7.671103600193472,-7.269788467416577,-5.161860571188085,-12.15034933534323,-16.29228182399974,-4.883213400840759,-3.9321843128578338,-10.020096899247635,-2.55058339880962,-5.223372260729472,-6.939733451487971,-5.251542758707907,-16.7380311348859,-1.9923299586071688,-1.5167107301599838,,,,,,,,,,,,,,,,,,,,,,,,,,,,,,,,,,,,,,,,,,,,,,,,,,,,,,,,,,,,,
skip-2_non-skip-1_dropout:True_reduction:False_R2_MSELoss_DEMORUN,-2.658410486053018,-0.437774845198089,-1.8713973246368707,-3.025873163167168,-4.724327561902065,-2.2373940547307334,-4.122965389607,-0.6952019626019048,-2.749273985039954,-1.84299867293414,-1.525039455469917,-3.1273247821658265,-0.6249446307911593,-1.6302461600771136,-2.814441807129804,-0.9810545444488524,-5.296376555573707,-0.6007541885562971,-2.0487275427463008,-1.767644433414235,-5.160170139050951,-1.9507375651714849,-1.316054472736284,-0.2190248779222077,-0.6983346120983946,0.3279554902338514,0.4498387586836721,0.148392871314404,-6.1890539795744655,-0.2851311073583715,-0.3432769214405733,-0.4622601726475884,-0.6235199266789007,0.4196209077741585,-0.6062048837250354,-0.0236028070543326,-0.2775005417711594,-0.7341887226291731,0.3201423976935592,0.030428389708201,,,,,,,,,,,,,,,,,,,,,,,,,,,,,,,,,,,,,,,,,,,,,,,,,,,,,,,,,,,,,
skip-2_non-skip-2_dropout:True_reduction:False_R2_MSELoss_DEMORUN,-0.1611488952356226,-0.249426454890008,-0.5746149829789704,-0.0840175280383988,-0.0043716851402731,0.0282854426140878,0.0086774405311135,0.0539326585975347,0.0675039677058949,0.1420852156246409,0.1583637384807362,0.1343187561222151,0.2437410927286335,0.2649467505660711,0.2594509229940526,0.1937771252557343,0.352980028180515,0.3223212782074423,0.3768671178350262,0.401105732310052,0.4071828243779201,0.416078763849595,-0.1511927211985868,0.4591800453616123,0.4695067312203201,0.3767002400229959,0.4533916594935398,0.45839776244818,0.2650973995526631,0.5217654705047607,0.4219930183653738,0.5062073410726061,0.386542541139266,-0.0126333517186781,0.5130301351640739,0.538999575025895,0.5192729258069805,-0.4428180876900168,0.5335851066252765,0.5378450716243071,,,,,,,,,,,,,,,,,,,,,,,,,,,,,,,,,,,,,,,,,,,,,,,,,,,,,,,,,,,,,
skip-2_non-skip-3_dropout:True_reduction:False_R2_MSELoss_DEMORUN,-0.10195119006961,0.1229650132796343,0.1190861136305565,0.2196540154662786,0.2666161714815626,0.2998077612297207,0.3082166314125061,0.2986370149780722,0.34129345183279,0.3835878348818012,0.4008216390422746,0.4385404434858584,0.3705023585581312,0.4341391956104952,0.2896769771388933,0.4694224011664297,0.3517541265955158,0.4743582092079462,0.4859937289181877,0.5334499303032371,0.5227541292414946,0.52463698387146,0.5089769725706063,0.4709436823340023,0.4995906820484236,0.4495049212493148,0.4694002913493736,0.3450041284748152,0.4257294523949717,0.4368680622063431,0.4307359936190586,0.3668232010860069,0.4531817798521004,0.2774727379574495,0.3929834926829618,0.5270250813633788,0.2805435587378109,0.4588215234232883,0.4903522788309583,0.2795779085626789,,,,,,,,,,,,,,,,,,,,,,,,,,,,,,,,,,,,,,,,,,,,,,,,,,,,,,,,,,,,,
skip-3_non-skip-3_dropout:True_reduction:False_R2_MSELoss_DEMORUN,-0.0347137065494761,-0.1579176362823037,0.0325163345710904,0.0046365471447215,0.0287490697468028,0.1132380693566565,0.0999336312798892,0.0215398131632337,0.1133543276319316,0.0302402061574599,-0.1064046235645518,0.2180969890426187,0.2908366100460875,0.2904176805533615,0.3316040132559982,0.3003965066928489,0.381763453577079,0.2789551031355764,0.3190875322211022,0.3861200482237573,0.4301350245288774,0.4283871078023724,0.3562687997724496,0.4627108807657279,0.4056954909773433,0.1481802977767645,0.3560103201398663,0.4840262356926413,0.5096972409416648,0.4411845955194211,0.4231184720993042,0.5012635273091933,0.530795691060085,0.4827563809413536,0.4586839535657097,0.2029935647459591,0.4404515250056398,0.5144971457182193,0.5391893714082008,0.4538499011712916,,,,,,,,,,,,,,,,,,,,,,,,,,,,,,,,,,,,,,,,,,,,,,,,,,,,,,,,,,,,,
skip-2_non-skip-1_dropout:True_reduction:True_R2_MSELoss_DEMORUN,-2952.014109959789,-3412.966821974399,-4224.309377798847,-3070.455664742227,-1734.118033561052,-3554.308483668402,-3686.393210813111,-1537.5792976945054,-2036.068927650358,-1361.6662301128986,-1727.0910906791687,-1260.2708005320792,-722.9130512779834,-763.8058853803897,-844.4130520540125,-1028.0924427719676,-578.9086818087335,-922.0920465857376,-530.4151422077534,-390.618715003425,-401.2663614644724,-364.12023781678255,-395.0298088099442,-332.5279674997517,-201.8885353943881,-262.05630605711656,-167.84896980898054,-212.84892257639007,-128.0331334436641,-151.46703335233764,-126.36272114047816,-63.88402097482307,-64.05615398696824,-38.23488822404076,-39.15280727896036,-38.44674684604009,-53.70417571301554,-26.79977984054416,-15.602598051230112,-12.951569071003036,,,,,,,,,,,,,,,,,,,,,,,,,,,,,,,,,,,,,,,,,,,,,,,,,,,,,,,,,,,,,
skip-2_non-skip-2_dropout:True_reduction:True_R2_MSELoss_DEMORUN,-467.65838036233305,-378.8752345875198,-776.1026785256815,-329.5660111226288,-754.7322022330527,-784.3111708374585,-396.901572211116,-148.67246654337526,-335.3971243921448,-263.6021994866577,-150.35425008862626,-146.72481482519822,-199.5801991189228,-83.98873532753365,-80.48242291866565,-123.29135504423404,-129.77950476665123,-48.79350126023386,-46.58812753710093,-52.49756453785242,-69.57740965544009,-37.31983400092405,-47.80698926776064,-38.63862612434462,-37.98231344597012,-22.997968854857422,-27.000186529814027,-13.756273114213757,-19.189584226000544,-16.86776737021465,-17.379667462087145,-8.692573671247445,-11.630905358230368,-13.274609414970174,-6.014893482713139,-6.2901569102324695,-6.523617029190064,-4.654794991016388,-3.776723775209165,-2.0429665785209807,,,,,,,,,,,,,,,,,,,,,,,,,,,,,,,,,,,,,,,,,,,,,,,,,,,,,,,,,,,,,
skip-2_non-skip-3_dropout:True_reduction:True_R2_MSELoss_DEMORUN,-168.7102133105783,-116.43761802304024,-72.02735703949834,-37.33813256960289,-73.79889221752391,-41.625594413747976,-72.8997279347158,-75.22823671967376,-59.38050027337729,-47.24616836917166,-33.31949293029074,-50.12001720947378,-43.71249019982768,-41.971936454959945,-37.37889746474285,-28.08900527042501,-76.8754968619814,-33.808870556307774,-34.850657802002104,-42.1109010016217,-19.32587316106348,-22.602401380445443,-24.258613430986216,-19.00071354707082,-26.87422837112464,-26.982384486525667,-12.449177550334555,-17.393768149263718,-8.574916607024623,-11.571596627141917,-16.313221698882533,-9.762194244300618,-11.583206731899113,-7.484711643527536,-7.268458309126835,-5.68298007810817,-2.8438811068441354,-2.703648459677603,-9.030272671989366,-5.220507350622439,,,,,,,,,,,,,,,,,,,,,,,,,,,,,,,,,,,,,,,,,,,,,,,,,,,,,,,,,,,,,
skip-2_non-skip-4_dropout:True_reduction:True_R2_MSELoss_DEMORUN,-11.370343807865591,-21.3841490465052,-8.851156802738414,-11.25125837209178,-10.256731392121782,-9.314961054745842,-7.175692873842576,-21.06147775229286,-24.35098431157131,-8.230268584746941,-12.20371553477119,-5.915390011142282,-9.85005680252524,-7.279116555756214,-7.5186167838526705,-4.319520029367185,-9.214931359478072,-14.503941263638293,-6.802563933765187,-8.69536035785488,-5.246669972644133,-9.968312598910986,-4.677316186474819,-11.04160871926476,-5.616216893289604,-7.209839310131821,-3.340558825754652,-2.6241529034633264,-2.992084455256369,-1.8928020269263024,-6.028406620025635,-3.2377349523937,-6.1180927028843,-3.384092358981862,-2.1668592995288325,-4.121115011327407,-1.8829805126377184,-2.4663807247199263,-2.4551620004223844,-3.181989847445021,,,,,,,,,,,,,,,,,,,,,,,,,,,,,,,,,,,,,,,,,,,,,,,,,,,,,,,,,,,,,
skip-3_non-skip-1_dropout:True_reduction:False_R2_MSELoss_DEMORUN,-16.518747282963172,-10.577880291377795,-7.380539347143734,-18.659361432580383,-12.158036433014216,-11.165343387454165,-11.92986152452581,-9.377145369847616,-9.915496613465104,-10.972628537346337,-5.6294072515824265,-6.904518555192387,-4.88093685168846,-11.659224928594105,-4.825868723439236,-2.2272085138395723,-2.9517773833929324,-6.673107792349422,-2.651262549793019,-4.776916239775863,-4.798830273104649,-4.635350881838331,-4.100164948725233,-1.985819040560255,-2.4147663887809303,-1.2959277045493032,0.2695226634249967,-2.8478028493769028,-0.7328805385851392,-1.6525024946998148,-0.6480601488375196,0.4225080796316558,-3.373101751009623,0.1790463234864029,-0.4229684635704639,0.5776813018555734,-1.0274766812137528,-0.0478375472274481,-0.7311907632678163,0.3058951719134462,,,,,,,,,,,,,,,,,,,,,,,,,,,,,,,,,,,,,,,,,,,,,,,,,,,,,,,,,,,,,
skip-3_non-skip-2_dropout:True_reduction:False_R2_MSELoss_DEMORUN,-11.31609767441656,-0.5817609744913438,-0.4715013270284615,-0.6623977072098676,-0.3735749289101245,-0.68241527150659,-2.018264077457727,-0.506670827959098,-0.1482145575916066,-0.7652629426881379,-0.2902960403292787,-0.6896530740401324,-0.1056899288121391,-0.9084912515154072,-0.1832388709573184,-0.0627937223397049,-0.1081892450650533,-0.0388899340349085,-0.1750713960797179,-0.0421260840752545,-0.5872433933557248,-0.1732963405403436,-0.0791755213456995,-0.2597570910173304,0.101537006742814,0.2142386050785289,0.2174907840934454,0.2211266498939663,0.2538525088160646,-0.0462486463434555,0.2649238425142625,0.2145627514988768,0.2464793803645115,0.3067589589193755,0.4251693206674912,-0.0484816899486616,0.4261127944086112,0.3886612197932075,0.4645881454149882,0.3043593121509926,,,,,,,,,,,,,,,,,,,,,,,,,,,,,,,,,,,,,,,,,,,,,,,,,,,,,,,,,,,,,
skip-3_non-skip-3_dropout:True_reduction:False_R2_MSELoss_DEMORUN,-0.0246842176306481,0.0646892692528519,-0.215370683109059,-0.026345269352782,0.1831292708714803,0.1951017321324815,0.2467669774504269,-0.3350208869167402,-0.3713667392730713,-0.0020947234303343,0.3912945389747619,0.2772163339689666,0.1934790377523385,0.1997849684135586,0.3043981171121784,-0.057710169577131,0.3003611424390007,0.3626766426890504,0.4730157232752033,0.3379306723089779,0.1893758434875338,-0.0217259292509041,0.4068415807742698,0.2175843633857427,0.3334215517137565,0.4724552923557805,-0.0408675086264516,0.3845732866549024,0.2595647024173362,0.5134361678478765,0.2280529176487642,0.246946539364609,0.5130086973601696,0.1682202173214332,-1.3231683373451233,0.4254829357652103,0.1669867845142588,-0.3010413599949257,-0.0428840997172337,0.405162655839733,,,,,,,,,,,,,,,,,,,,,,,,,,,,,,,,,,,,,,,,,,,,,,,,,,,,,,,,,,,,,
skip-3_non-skip-3_dropout:True_reduction:False_R2_MSELoss_DEMORUN,-0.1500014090070537,-0.1330359636568555,-0.2984174782154606,-0.1556809532876108,-0.0390448020953758,-0.1826869845390319,-0.2296424344474194,-0.0863964066785924,-0.076148694636775,-0.7620907016828948,0.02762838789061,0.1337231374254413,0.0146800606858496,0.2023828076381309,0.1214824295511432,0.0453592620643914,0.2115494234889161,0.3669504441466986,0.3948972961481879,0.2588130469415702,0.1072142673473732,0.1523506956941941,0.0235853557493172,0.3847893254429686,-0.2199455417838751,0.1939950456806257,0.4487330259061327,0.2978999509530909,0.1197901344766803,0.4625057823517743,0.3225219097791933,0.3235814127267575,0.3080121676127116,0.5078210608631957,0.46074838848675,0.3804281050083684,0.1923803733844383,-0.089063006288865,0.2109002015169929,0.3034818172454834,,,,,,,,,,,,,,,,,,,,,,,,,,,,,,,,,,,,,,,,,,,,,,,,,,,,,,,,,,,,,
skip-3_non-skip-1_dropout:True_reduction:True_R2_MSELoss_DEMORUN,-6637.918247180826,-3813.093718684187,-4898.084459683474,-3344.403903947157,-2805.211544326708,-2597.051943049712,-2152.2305265735176,-3390.832331867779,-2602.669766913442,-1560.416475197848,-2099.216661004459,-1643.501672319337,-2300.829873977923,-1818.207784366374,-952.021339275089,-833.0011114256055,-1258.2011721274432,-956.0702670473678,-822.8178557718502,-837.9550857824438,-762.756025177591,-856.8901455565995,-888.7477388241712,-510.1859832651475,-1042.3692449448156,-523.8222423534768,-403.03141368019817,-347.5437173749886,-369.0265160682154,-209.5150158662422,-168.03766585915696,-161.1627123531173,-125.256918128799,-158.6708763124896,-85.01512059861538,-69.17746833492728,-72.60340987934785,-71.66557507772072,-47.408644320918064,-32.56423041867275,,,,,,,,,,,,,,,,,,,,,,,,,,,,,,,,,,,,,,,,,,,,,,,,,,,,,,,,,,,,,
skip-3_non-skip-2_dropout:True_reduction:True_R2_MSELoss_DEMORUN,-267.53841216657673,-575.5130770019456,-472.0531953958904,-347.8042852855196,-190.0381597888236,-187.38456807183283,-170.34303993103552,-136.17408964446946,-329.9783098919719,-172.24687616497863,-99.56992426222446,-109.83924598670474,-105.83555960888955,-82.93494294320836,-74.58684352799958,-62.302753845850624,-57.18814125598646,-70.34908410497741,-43.65342771188885,-23.179044211612027,-86.56401109929179,-40.96656359644497,-44.78376217449413,-16.97752905359455,-33.0860688885053,-20.56194323067572,-25.31166305027756,-20.83946454524994,-10.147448516359516,-7.856535825074888,-9.428635102861069,-5.514203334555907,-7.535054460460064,-3.2152177714834025,-5.7190318014107495,-7.188673805956747,-4.175988013837852,-4.012872409586813,-3.0754452826930025,-4.714171369870504,,,,,,,,,,,,,,,,,,,,,,,,,,,,,,,,,,,,,,,,,,,,,,,,,,,,,,,,,,,,,
skip-3_non-skip-3_dropout:True_reduction:True_R2_MSELoss_DEMORUN,-180.18796975004904,-90.58276202748804,-175.72611540789697,-48.63628989107468,-128.7431967807751,-45.31789986292521,-50.32745470720179,-40.39648466484219,-23.24634156975092,-58.08448208547106,-38.19509810209274,-28.852387069487104,-23.931604093196345,-49.478208677441465,-72.6625122089012,-22.218470642379685,-47.53750319223778,-8.264041460027881,-11.330551780906378,-23.93296671030568,-32.30649272717682,-21.74953916376712,-12.801868334704755,-8.05584030642229,-8.842626505038318,-10.27538506189982,-18.02028426703285,-12.634911938040863,-16.051953093678343,-9.163984719444723,-10.2654821861024,-3.2236703657636454,-6.339969800967796,-4.774611078056634,-2.9779336347299465,-5.486825335259531,-5.527896130786223,-4.784770133448582,-4.809528180197174,-9.120243751535227,,,,,,,,,,,,,,,,,,,,,,,,,,,,,,,,,,,,,,,,,,,,,,,,,,,,,,,,,,,,,
skip-3_non-skip-4_dropout:True_reduction:True_R2_MSELoss_DEMORUN,-19.52608516637017,-53.73182694117228,-10.356393724095588,-14.855293693495732,-18.062935565032213,-23.10901054564644,-8.363257536701127,-19.656200452178133,-15.75103951435463,-9.050806031507603,-27.36684211095174,-9.920371817607506,-7.944148716973324,-27.34056739363016,-11.824743475399766,-25.96282920416664,-12.510154755676494,-9.131109622179292,-4.4846074698018095,-29.803923664139766,-11.157796832860685,-3.168294595737083,-17.264763182284785,-2.9152408008481943,-5.482621713011873,-9.713580146724103,-81.75575426746818,-6.175422050204932,-13.315147499243418,-8.460628998045827,-11.869685835698071,-4.014379469787373,-20.03647034542233,-10.145000436726738,-6.456784698308683,-3.165921737166012,-5.935587596659567,-2.81602007968753,-17.614744995154588,-8.878181597765755,,,,,,,,,,,,,,,,,,,,,,,,,,,,,,,,,,,,,,,,,,,,,,,,,,,,,,,,,,,,,
